symbol,ts,time,decision,context_key,meta_baseline_id,setup_family,side_intent,open,high,low,close,ctx_vwap,ctx_vwap_sigma,ctx_vwap_hi,ctx_vwap_lo,ctx_session_bucket,trend_dir_h2,range_pos_h2,ql_extracted
XAUUSD.mg,2023-01-04 16:00:00,2023-01-04 16:00:00,ALLOW,STATE=TREND|QL=TREND_STRONG|LF=LOOK_FOR_trend_strong_orderly,STATE_REINFORCEMENT,state_reinforcement,LONG,1856.49,1860.38,1849.06,1858.58,1847.1756666666668,5.0793383225015685,1857.33434331167,1837.016990021664,NY,UP,0.7897782063645135,TREND_STRONG
XAUUSD.mg,2023-01-06 18:00:00,2023-01-06 18:00:00,ALLOW,STATE=TREND|QL=TREND_STRONG|LF=LOOK_FOR_trend_strong_orderly,STATE_REINFORCEMENT,state_reinforcement,LONG,1863.45,1869.53,1860.97,1868.72,1839.4236363636364,9.243314995273572,1857.9102663541837,1820.9370063730892,NY_PM,UP,0.9794780846212328,TREND_STRONG
XAUUSD.mg,2023-01-06 20:00:00,2023-01-06 20:00:00,ALLOW,STATE=TREND|QL=TREND_STRONG|LF=LOOK_FOR_trend_strong_orderly,STATE_REINFORCEMENT,state_reinforcement,LONG,1868.72,1869.83,1865.85,1866.85,1840.77,9.768260519877908,1860.306521039756,1821.233478960244,NY_PM,UP,0.925069147598692,TREND_STRONG
XAUUSD.mg,2023-01-09 02:00:00,2023-01-09 02:00:00,ALLOW,STATE=TREND|QL=TREND_STRONG|LF=LOOK_FOR_trend_strong_orderly,STATE_REINFORCEMENT,state_reinforcement,LONG,1868.64,1879.47,1868.23,1879.23,1871.39,9.506265336287353,1890.4025306725744,1852.3774693274247,ASIA,UP,0.9948040701450528,TREND_STRONG
XAUUSD.mg,2023-01-12 20:00:00,2023-01-12 20:00:00,ALLOW,STATE=TREND|QL=TREND_STRONG|LF=LOOK_FOR_trend_strong_orderly,STATE_REINFORCEMENT,state_reinforcement,LONG,1898.92,1899.55,1894.31,1898.4,1882.9450000000004,6.556026107722584,1896.0570522154453,1869.8329477845552,NY_PM,UP,0.8973286128097897,TREND_STRONG
XAUUSD.mg,2023-02-02 08:00:00,2023-02-02 08:00:00,ALLOW,STATE=TREND|QL=TREND_STRONG|LF=LOOK_FOR_trend_strong_orderly,STATE_REINFORCEMENT,state_reinforcement,LONG,1952.1,1959.65,1952.09,1957.24,1953.157222222222,6.054896232752988,1965.267014687728,1941.047429756716,LONDON,UP,0.9383000512032752,TREND_STRONG
XAUUSD.mg,2023-02-20 06:00:00,2023-02-20 06:00:00,ALLOW,STATE=TREND|QL=TREND_STRONG|LF=LOOK_FOR_trend_strong_orderly,STATE_REINFORCEMENT,state_reinforcement,LONG,1842.64,1845.63,1841.15,1844.03,1841.04,6.439079553516705,1853.9181591070333,1828.161840892967,ASIA,UP,0.9401197604790368,TREND_STRONG
XAUUSD.mg,2023-03-01 06:00:00,2023-03-01 06:00:00,ALLOW,STATE=TREND|QL=TREND_STRONG|LF=LOOK_FOR_trend_strong_orderly,STATE_REINFORCEMENT,state_reinforcement,LONG,1830.04,1836.77,1829.95,1834.75,1827.598,5.214800102562783,1838.0276002051253,1817.1683997948744,ASIA,UP,0.9369931378665008,TREND_STRONG
XAUUSD.mg,2023-03-01 10:00:00,2023-03-01 10:00:00,ALLOW,STATE=TREND|QL=TREND_STRONG|LF=LOOK_FOR_trend_strong_orderly,STATE_REINFORCEMENT,state_reinforcement,LONG,1835.74,1838.02,1830.41,1834.9,1828.840476190476,5.322691440355532,1839.4858590711876,1818.195093309765,LONDON,UP,0.8986683988307926,TREND_STRONG
XAUUSD.mg,2023-03-01 12:00:00,2023-03-01 12:00:00,ALLOW,STATE=TREND|QL=TREND_STRONG|LF=LOOK_FOR_trend_strong_orderly,STATE_REINFORCEMENT,state_reinforcement,LONG,1834.9,1840.65,1834.44,1840.64,1829.58375,5.545938158203991,1840.675626316408,1818.491873683592,LONDON,UP,0.9997007779772594,TREND_STRONG
XAUUSD.mg,2023-03-01 14:00:00,2023-03-01 14:00:00,ALLOW,STATE=TREND|QL=TREND_STRONG|LF=LOOK_FOR_trend_strong_orderly,STATE_REINFORCEMENT,state_reinforcement,LONG,1840.64,1844.52,1833.95,1842.32,1830.3674074074077,5.78499814874839,1841.937403704904,1818.7974111099104,NY,UP,0.9145962732919236,TREND_STRONG
XAUUSD.mg,2023-03-08 12:00:00,2023-03-08 12:00:00,ALLOW,STATE=TREND|QL=TREND_STRONG|LF=LOOK_FOR_trend_prev_vwap_pullback,STATE_REINFORCEMENT,state_reinforcement,LONG,1814.18,1816.65,1813.36,1815.14,1812.9383333333333,7.600744549484119,1828.1398224323016,1797.7368442343652,LONDON,UP,0.1854864952814852,TREND_STRONG
XAUUSD.mg,2023-03-15 16:00:00,2023-03-15 16:00:00,ALLOW,STATE=TREND|QL=TREND_STRONG|LF=LOOK_FOR_trend_strong_orderly,STATE_REINFORCEMENT,state_reinforcement,LONG,1925.92,1927.33,1917.3,1927.17,1904.4983333333332,10.91832652632607,1926.3349863859853,1882.6616802806811,NY,UP,0.928730512249447,TREND_STRONG
XAUUSD.mg,2023-03-17 16:00:00,2023-03-17 16:00:00,ALLOW,STATE=TREND|QL=TREND_STRONG|LF=LOOK_FOR_trend_strong_orderly,STATE_REINFORCEMENT,state_reinforcement,LONG,1950.68,1964.98,1949.53,1959.33,1928.6583333333333,9.929466811881092,1948.5172669570957,1908.7993997095712,NY,UP,0.8888670338316267,TREND_STRONG
XAUUSD.mg,2023-03-17 18:00:00,2023-03-17 18:00:00,ALLOW,STATE=TREND|QL=TREND_STRONG|LF=LOOK_FOR_trend_strong_orderly,STATE_REINFORCEMENT,state_reinforcement,LONG,1959.04,1975.17,1955.07,1972.87,1931.084848484848,11.1776163512367,1953.4400811873213,1908.7296157823748,NY_PM,UP,0.9611158072696504,TREND_STRONG
XAUUSD.mg,2023-03-17 20:00:00,2023-03-17 20:00:00,ALLOW,STATE=TREND|QL=TREND_STRONG|LF=LOOK_FOR_trend_strong_orderly,STATE_REINFORCEMENT,state_reinforcement,LONG,1972.79,1987.77,1970.16,1976.04,1933.545,12.19300297769235,1957.9310059553843,1909.1589940446152,NY_PM,UP,0.8318520642201832,TREND_STRONG
XAUUSD.mg,2023-03-20 02:00:00,2023-03-20 02:00:00,ALLOW,STATE=TREND|QL=TREND_STRONG|LF=LOOK_FOR_trend_strong_orderly,STATE_REINFORCEMENT,state_reinforcement,LONG,1976.85,1978.2,1967.9,1969.43,1978.351666666667,11.756854691906666,2001.8653760504803,1954.8379572828533,ASIA,UP,0.6911657691747923,TREND_STRONG
XAUUSD.mg,2023-03-23 14:00:00,2023-03-23 14:00:00,ALLOW,STATE=TREND|QL=TREND_STRONG|LF=LOOK_FOR_trend_strong_orderly,STATE_REINFORCEMENT,state_reinforcement,LONG,1978.18,1984.8,1966.33,1983.84,1973.243703703704,14.616084343175508,2002.4758723900547,1944.0115350173528,NY,UP,0.9773691654879764,TREND_STRONG
XAUUSD.mg,2023-03-23 16:00:00,2023-03-23 16:00:00,ALLOW,STATE=TREND|QL=TREND_STRONG|LF=LOOK_FOR_trend_strong_orderly,STATE_REINFORCEMENT,state_reinforcement,LONG,1984.01,1986.79,1977.44,1983.83,1973.753,14.617507251002506,2002.988014502005,1944.517985497995,NY,UP,0.9295405855748624,TREND_STRONG
XAUUSD.mg,2023-03-23 18:00:00,2023-03-23 18:00:00,ALLOW,STATE=TREND|QL=TREND_STRONG|LF=LOOK_FOR_trend_strong_orderly,STATE_REINFORCEMENT,state_reinforcement,LONG,1983.78,1999.47,1982.49,1999.37,1975.024848484848,14.624931043458108,2004.2747105717644,1945.774986397932,NY_PM,UP,0.9981252343457042,TREND_STRONG
XAUUSD.mg,2023-04-11 14:00:00,2023-04-11 14:00:00,ALLOW,STATE=TREND|QL=TREND_STRONG|LF=LOOK_FOR_trend_strong_orderly,STATE_REINFORCEMENT,state_reinforcement,LONG,2000.21,2002.33,1995.35,2001.16,1995.6296296296296,9.372446779847436,2014.3745231893247,1976.884736069935,NY,UP,0.7649340574088459,TREND_STRONG
XAUUSD.mg,2023-04-11 16:00:00,2023-04-11 16:00:00,ALLOW,STATE=TREND|QL=TREND_STRONG|LF=LOOK_FOR_trend_strong_orderly,STATE_REINFORCEMENT,state_reinforcement,LONG,2001.17,2006.02,1999.5,2003.92,1996.0576666666668,9.412392478226211,2014.8824516231196,1977.2328817102143,NY,UP,0.8374384236453221,TREND_STRONG
XAUUSD.mg,2023-04-12 04:00:00,2023-04-12 04:00:00,ALLOW,STATE=TREND|QL=TREND_STRONG|LF=LOOK_FOR_trend_strong_orderly,STATE_REINFORCEMENT,state_reinforcement,LONG,2014.49,2019.14,2013.6,2017.04,2007.7741666666664,5.293353959456574,2018.36087458558,1997.1874587477532,ASIA,UP,0.9117276166456444,TREND_STRONG
XAUUSD.mg,2023-04-12 06:00:00,2023-04-12 06:00:00,ALLOW,STATE=TREND|QL=TREND_STRONG|LF=LOOK_FOR_trend_strong_orderly,STATE_REINFORCEMENT,state_reinforcement,LONG,2017.04,2020.89,2016.85,2018.02,2008.9886666666664,5.438027193570024,2019.8647210538068,1998.1126122795265,ASIA,UP,0.8876272513703956,TREND_STRONG
XAUUSD.mg,2023-04-17 06:00:00,2023-04-17 06:00:00,ALLOW,STATE=TREND|QL=TREND_STRONG|LF=LOOK_FOR_trend_strong_orderly,STATE_REINFORCEMENT,state_reinforcement,LONG,2004.26,2012.56,2003.54,2011.09,2002.7491666666667,11.441166489694949,2025.631499646057,1979.8668336872768,ASIA,UP,0.3647217408049275,TREND_STRONG
XAUUSD.mg,2023-04-17 08:00:00,2023-04-17 08:00:00,ALLOW,STATE=TREND|QL=TREND_STRONG|LF=LOOK_FOR_trend_strong_orderly,STATE_REINFORCEMENT,state_reinforcement,LONG,2011.01,2014.83,2009.9,2010.57,2003.5726666666665,11.455336285810962,2026.4833392382884,1980.6619940950443,LONDON,UP,0.3697310317141684,TREND_STRONG
XAUUSD.mg,2023-06-08 20:00:00,2023-06-08 20:00:00,ALLOW,STATE=TREND|QL=TREND_STRONG|LF=LOOK_FOR_trend_strong_orderly,STATE_REINFORCEMENT,state_reinforcement,LONG,1963.46,1965.07,1962.49,1964.6,1948.4344444444444,9.289873838491378,1967.0141921214272,1929.8546967674613,NY_PM,UP,0.8214402085369812,TREND_STRONG
XAUUSD.mg,2023-06-30 18:00:00,2023-06-30 18:00:00,ALLOW,STATE=TREND|QL=TREND_STRONG|LF=LOOK_FOR_trend_strong_orderly,STATE_REINFORCEMENT,state_reinforcement,LONG,1918.65,1922.34,1917.09,1918.21,1908.1200000000003,4.202703339288955,1916.5254066785783,1899.7145933214224,NY_PM,UP,0.8141314131413196,TREND_STRONG
XAUUSD.mg,2023-06-30 20:00:00,2023-06-30 20:00:00,ALLOW,STATE=TREND|QL=TREND_STRONG|LF=LOOK_FOR_trend_strong_orderly,STATE_REINFORCEMENT,state_reinforcement,LONG,1918.26,1919.97,1917.45,1919.69,1908.614166666667,4.532305299547042,1917.678777265761,1899.549556067573,NY_PM,UP,0.880738073807387,TREND_STRONG
XAUUSD.mg,2023-07-04 10:00:00,2023-07-04 10:00:00,ALLOW,STATE=TREND|QL=TREND_STRONG|LF=LOOK_FOR_trend_strong_orderly,STATE_REINFORCEMENT,state_reinforcement,LONG,1927.65,1930.26,1925.37,1929.37,1922.615714285714,4.324108923569194,1931.2639321328525,1913.967496438576,LONDON,UP,0.936499741868868,TREND_STRONG
XAUUSD.mg,2023-07-04 12:00:00,2023-07-04 12:00:00,ALLOW,STATE=TREND|QL=TREND_STRONG|LF=LOOK_FOR_trend_strong_orderly,STATE_REINFORCEMENT,state_reinforcement,LONG,1929.39,1930.31,1927.28,1928.13,1923.03625,4.338539913981965,1931.713329827964,1914.359170172036,LONDON,UP,0.8724832214765197,TREND_STRONG
XAUUSD.mg,2023-07-12 18:00:00,2023-07-12 18:00:00,ALLOW,STATE=TREND|QL=TREND_STRONG|LF=LOOK_FOR_trend_strong_orderly,STATE_REINFORCEMENT,state_reinforcement,LONG,1955.26,1959.26,1955.02,1956.86,1938.5863636363636,5.702688505567911,1949.9917406474992,1927.1809866252277,NY_PM,UP,0.9176107106076176,TREND_STRONG
XAUUSD.mg,2023-07-18 14:00:00,2023-07-18 14:00:00,ALLOW,STATE=TREND|QL=TREND_STRONG|LF=LOOK_FOR_trend_strong_orderly,STATE_REINFORCEMENT,state_reinforcement,LONG,1962.71,1971.67,1960.4,1970.92,1958.9407407407407,5.619838609470885,1970.1804179596825,1947.701063521799,NY,UP,0.963564530289731,TREND_STRONG
XAUUSD.mg,2023-07-18 16:00:00,2023-07-18 16:00:00,ALLOW,STATE=TREND|QL=TREND_STRONG|LF=LOOK_FOR_trend_strong_orderly,STATE_REINFORCEMENT,state_reinforcement,LONG,1970.92,1983.97,1970.8,1977.73,1960.2383333333332,6.010310844370517,1972.2589550220744,1948.2177116445923,NY,UP,0.8043887147335426,TREND_STRONG
XAUUSD.mg,2023-07-31 18:00:00,2023-07-31 18:00:00,ALLOW,STATE=TREND|QL=TREND_STRONG|LF=LOOK_FOR_trend_strong_orderly,STATE_REINFORCEMENT,state_reinforcement,LONG,1970.32,1971.9,1969.83,1970.61,1958.879333333333,8.746805533507247,1976.3729444003477,1941.385722266319,NY_PM,UP,0.934640522875813,TREND_STRONG
XAUUSD.mg,2023-08-23 18:00:00,2023-08-23 18:00:00,ALLOW,STATE=TREND|QL=TREND_STRONG|LF=LOOK_FOR_trend_strong_orderly,STATE_REINFORCEMENT,state_reinforcement,LONG,1917.93,1919.95,1917.08,1917.61,1903.037575757576,4.347295695071385,1911.7321671477184,1894.342984367433,NY_PM,UP,0.9023372287145184,TREND_STRONG
XAUUSD.mg,2023-08-23 20:00:00,2023-08-23 20:00:00,ALLOW,STATE=TREND|QL=TREND_STRONG|LF=LOOK_FOR_trend_strong_orderly,STATE_REINFORCEMENT,state_reinforcement,LONG,1917.52,1917.72,1915.92,1916.44,1903.7047222222225,4.610474027411308,1912.925670277045,1894.4837741674,NY_PM,UP,0.8487720809995698,TREND_STRONG
XAUUSD.mg,2023-08-24 02:00:00,2023-08-24 02:00:00,ALLOW,STATE=TREND|QL=TREND_STRONG|LF=LOOK_FOR_trend_strong_orderly,STATE_REINFORCEMENT,state_reinforcement,LONG,1917.83,1918.94,1917.15,1918.39,1916.14,4.606103605789932,1925.35220721158,1906.92779278842,ASIA,UP,0.9227722772277256,TREND_STRONG
XAUUSD.mg,2023-08-24 04:00:00,2023-08-24 04:00:00,ALLOW,STATE=TREND|QL=TREND_STRONG|LF=LOOK_FOR_trend_strong_orderly,STATE_REINFORCEMENT,state_reinforcement,LONG,1918.38,1921.24,1918.36,1920.55,1916.765,4.613534731623639,1925.9920694632476,1907.5379305367528,ASIA,UP,0.9669856459330118,TREND_STRONG
XAUUSD.mg,2023-08-24 08:00:00,2023-08-24 08:00:00,ALLOW,STATE=TREND|QL=TREND_STRONG|LF=LOOK_FOR_trend_prev_vwap_pullback,STATE_REINFORCEMENT,state_reinforcement,LONG,1921.17,1922.47,1919.13,1919.15,1917.457777777778,4.597315024525476,1926.652407826829,1908.2631477287268,LONDON,UP,0.846367422489592,TREND_STRONG
XAUUSD.mg,2023-08-24 10:00:00,2023-08-24 10:00:00,ALLOW,STATE=TREND|QL=TREND_STRONG|LF=LOOK_FOR_trend_prev_vwap_pullback,STATE_REINFORCEMENT,state_reinforcement,LONG,1919.22,1921.62,1918.93,1919.21,1917.6214285714289,4.5079129531709095,1926.6372544777707,1908.605602665087,LONDON,UP,0.8491439148542355,TREND_STRONG
XAUUSD.mg,2023-08-30 16:00:00,2023-08-30 16:00:00,ALLOW,STATE=TREND|QL=TREND_STRONG|LF=LOOK_FOR_trend_strong_orderly,STATE_REINFORCEMENT,state_reinforcement,LONG,1947.03,1948.65,1943.73,1944.56,1937.824,4.329796576813543,1946.483593153627,1929.164406846373,NY,UP,0.7269692923898438,TREND_STRONG
XAUUSD.mg,2023-09-18 06:00:00,2023-09-18 06:00:00,ALLOW,STATE=TREND|QL=TREND_STRONG|LF=LOOK_FOR_trend_strong_orderly,STATE_REINFORCEMENT,state_reinforcement,LONG,1928.41,1930.26,1927.34,1929.47,1925.3283333333336,4.409472229279873,1934.1472777918932,1916.5093888747735,ASIA,UP,0.9479921000658352,TREND_STRONG
XAUUSD.mg,2023-10-11 12:00:00,2023-10-11 12:00:00,ALLOW,STATE=TREND|QL=TREND_STRONG|LF=LOOK_FOR_trend_strong_orderly,STATE_REINFORCEMENT,state_reinforcement,LONG,1870.08,1874.38,1869.5,1870.64,1862.3175,4.068246567492032,1870.453993134984,1854.181006865016,LONDON,UP,0.8282039503904468,TREND_STRONG
XAUUSD.mg,2023-10-11 14:00:00,2023-10-11 14:00:00,ALLOW,STATE=TREND|QL=TREND_STRONG|LF=LOOK_FOR_trend_strong_orderly,STATE_REINFORCEMENT,state_reinforcement,LONG,1870.68,1874.64,1867.04,1871.81,1862.974074074074,4.212349350306111,1871.3987727746864,1854.5493753734615,NY,UP,0.8694047069681521,TREND_STRONG
XAUUSD.mg,2023-10-13 16:00:00,2023-10-13 16:00:00,ALLOW,STATE=TREND|QL=TREND_STRONG|LF=LOOK_FOR_trend_strong_orderly,STATE_REINFORCEMENT,state_reinforcement,LONG,1910.22,1922.76,1907.66,1922.59,1880.418,8.98054456805997,1898.37908913612,1862.45691086388,NY,UP,0.9969225199131052,TREND_STRONG
XAUUSD.mg,2023-10-13 18:00:00,2023-10-13 18:00:00,ALLOW,STATE=TREND|QL=TREND_STRONG|LF=LOOK_FOR_trend_strong_orderly,STATE_REINFORCEMENT,state_reinforcement,LONG,1922.66,1929.52,1922.03,1927.98,1882.969393939394,10.632413811672302,1904.2342215627384,1861.7045663160493,NY_PM,UP,0.9751612903225813,TREND_STRONG
XAUUSD.mg,2023-10-13 20:00:00,2023-10-13 20:00:00,ALLOW,STATE=TREND|QL=TREND_STRONG|LF=LOOK_FOR_trend_strong_orderly,STATE_REINFORCEMENT,state_reinforcement,LONG,1927.91,1930.37,1927.28,1928.0,1885.1197222222224,11.913690051445489,1908.9471023251133,1861.2923421193316,NY_PM,UP,0.9620314001922478,TREND_STRONG
XAUUSD.mg,2023-10-16 02:00:00,2023-10-16 02:00:00,ALLOW,STATE=TREND|QL=TREND_STRONG|LF=LOOK_FOR_trend_prev_vwap_pullback,STATE_REINFORCEMENT,state_reinforcement,LONG,1925.5,1925.56,1920.02,1920.11,1923.5433333333333,11.943314060052897,1947.429961453439,1899.6567052132275,ASIA,UP,0.8264253087464049,TREND_STRONG
XAUUSD.mg,2023-10-20 08:00:00,2023-10-20 08:00:00,ALLOW,STATE=TREND|QL=TREND_STRONG|LF=LOOK_FOR_trend_prev_vwap_pullback,STATE_REINFORCEMENT,state_reinforcement,LONG,1977.22,1981.76,1973.74,1979.78,1976.5572222222224,7.224859499436978,1991.0069412210964,1962.1075032233484,LONDON,UP,0.9397730578993324,TREND_STRONG
XAUUSD.mg,2023-10-20 10:00:00,2023-10-20 10:00:00,ALLOW,STATE=TREND|QL=TREND_STRONG|LF=LOOK_FOR_trend_strong_orderly,STATE_REINFORCEMENT,state_reinforcement,LONG,1979.81,1984.94,1979.62,1982.21,1976.99,7.050914255733564,1991.0918285114672,1962.8881714885329,LONDON,UP,0.9248348017621144,TREND_STRONG
XAUUSD.mg,2023-10-20 14:00:00,2023-10-20 14:00:00,ALLOW,STATE=TREND|QL=TREND_STRONG|LF=LOOK_FOR_trend_strong_orderly,STATE_REINFORCEMENT,state_reinforcement,LONG,1976.94,1987.61,1972.89,1986.73,1977.6540740740736,6.729156702245179,1991.112387478564,1964.1957606695837,NY,UP,0.9769934640522908,TREND_STRONG
XAUUSD.mg,2023-10-20 16:00:00,2023-10-20 16:00:00,ALLOW,STATE=TREND|QL=TREND_STRONG|LF=LOOK_FOR_trend_strong_orderly,STATE_REINFORCEMENT,state_reinforcement,LONG,1986.74,1996.81,1983.82,1991.22,1978.543333333333,6.704598012003408,1991.95252935734,1965.1341373093264,NY,UP,0.8760257263251291,TREND_STRONG
XAUUSD.mg,2023-11-01 14:00:00,2023-11-01 14:00:00,ALLOW,STATE=TREND|QL=TREND_STRONG|LF=LOOK_FOR_trend_strong_orderly,STATE_REINFORCEMENT,state_reinforcement,LONG,1983.03,1988.11,1980.74,1985.35,1981.344444444445,4.927982232114765,1991.2004089086745,1971.488479980215,NY,UP,0.3212863705972428,TREND_STRONG
XAUUSD.mg,2023-11-13 06:00:00,2023-11-13 06:00:00,ALLOW,STATE=TREND|QL=TREND_STRONG|LF=LOOK_FOR_trend_prev_vwap_pullback,STATE_REINFORCEMENT,state_reinforcement,LONG,1934.96,1939.37,1933.83,1938.77,1936.1691666666663,6.401127485835042,1948.9714216383368,1923.3669116949968,ASIA,UP,0.3483760683760702,TREND_STRONG
XAUUSD.mg,2023-11-14 18:00:00,2023-11-14 18:00:00,ALLOW,STATE=TREND|QL=TREND_STRONG|LF=LOOK_FOR_trend_strong_orderly,STATE_REINFORCEMENT,state_reinforcement,LONG,1964.03,1966.15,1961.48,1961.84,1948.6554545454549,7.322970904718012,1963.3013963548908,1934.009512736019,NY_PM,UP,0.6821877309682131,TREND_STRONG
XAUUSD.mg,2023-11-14 20:00:00,2023-11-14 20:00:00,ALLOW,STATE=TREND|QL=TREND_STRONG|LF=LOOK_FOR_trend_strong_orderly,STATE_REINFORCEMENT,state_reinforcement,LONG,1961.82,1963.97,1961.27,1963.32,1949.521388888889,7.42397304497465,1964.3693349788384,1934.67344279894,NY_PM,UP,0.7368810051736832,TREND_STRONG
XAUUSD.mg,2023-11-15 04:00:00,2023-11-15 04:00:00,ALLOW,STATE=TREND|QL=TREND_STRONG|LF=LOOK_FOR_trend_strong_orderly,STATE_REINFORCEMENT,state_reinforcement,LONG,1962.32,1966.64,1962.16,1966.51,1963.243333333333,6.787249919900058,1976.8178331731333,1949.6688334935327,ASIA,UP,0.854767184035474,TREND_STRONG
XAUUSD.mg,2023-11-15 06:00:00,2023-11-15 06:00:00,ALLOW,STATE=TREND|QL=TREND_STRONG|LF=LOOK_FOR_trend_strong_orderly,STATE_REINFORCEMENT,state_reinforcement,LONG,1966.5,1967.57,1965.49,1966.52,1963.6133333333332,6.787115642452784,1977.187564618239,1950.039102048428,ASIA,UP,0.8529632408102003,TREND_STRONG
XAUUSD.mg,2023-11-15 08:00:00,2023-11-15 08:00:00,ALLOW,STATE=TREND|QL=TREND_STRONG|LF=LOOK_FOR_trend_strong_orderly,STATE_REINFORCEMENT,state_reinforcement,LONG,1966.53,1970.64,1966.44,1969.95,1964.2211111111112,6.818917000950198,1977.858945113012,1950.5832771092107,LONDON,UP,0.974166978659676,TREND_STRONG
XAUUSD.mg,2023-11-15 10:00:00,2023-11-15 10:00:00,ALLOW,STATE=TREND|QL=TREND_STRONG|LF=LOOK_FOR_trend_strong_orderly,STATE_REINFORCEMENT,state_reinforcement,LONG,1969.95,1972.18,1969.4,1971.11,1964.7838095238096,6.860707696262131,1978.5052249163336,1951.0623941312851,LONDON,UP,0.9620432777580644,TREND_STRONG
XAUUSD.mg,2023-11-15 12:00:00,2023-11-15 12:00:00,ALLOW,STATE=TREND|QL=TREND_STRONG|LF=LOOK_FOR_trend_strong_orderly,STATE_REINFORCEMENT,state_reinforcement,LONG,1971.08,1973.69,1970.89,1972.58,1965.33,6.910929917588213,1979.1518598351763,1951.508140164824,LONDON,UP,0.9626262626262584,TREND_STRONG
XAUUSD.mg,2023-11-16 20:00:00,2023-11-16 20:00:00,ALLOW,STATE=TREND|QL=TREND_STRONG|LF=LOOK_FOR_trend_strong_orderly,STATE_REINFORCEMENT,state_reinforcement,LONG,1983.0,1984.82,1982.62,1982.94,1965.2130555555552,7.318879668468313,1979.850814892492,1950.5752962186184,NY_PM,UP,0.8542329726289014,TREND_STRONG
XAUUSD.mg,2023-12-11 06:00:00,2023-12-11 06:00:00,ALLOW,STATE=TREND|QL=TREND_STRONG|LF=LOOK_FOR_trend_strong_orderly,STATE_REINFORCEMENT,state_reinforcement,LONG,1996.54,1999.58,1994.44,1998.44,2002.3425,7.717461154273908,2017.777422308548,1986.9075776914524,ASIA,UP,0.1101087821703392,TREND_STRONG
XAUUSD.mg,2023-12-14 00:00:00,2023-12-14 00:00:00,ALLOW,STATE=TREND|QL=TREND_STRONG|LF=LOOK_FOR_trend_strong_orderly,STATE_REINFORCEMENT,state_reinforcement,LONG,2024.83,2032.77,2023.97,2032.49,2024.025,9.210630324218842,2042.4462606484376,2005.6037393515624,ASIA,UP,0.9953403228490602,TREND_STRONG
XAUUSD.mg,2023-12-14 02:00:00,2023-12-14 02:00:00,ALLOW,STATE=TREND|QL=TREND_STRONG|LF=LOOK_FOR_trend_strong_orderly,STATE_REINFORCEMENT,state_reinforcement,LONG,2032.49,2038.89,2029.63,2032.04,2025.26,9.298075934344851,2043.85615186869,2006.6638481313105,ASIA,UP,0.8965413079595207,TREND_STRONG
XAUUSD.mg,2023-12-19 20:00:00,2023-12-19 20:00:00,ALLOW,STATE=TREND|QL=TREND_STRONG|LF=LOOK_FOR_trend_strong_orderly,STATE_REINFORCEMENT,state_reinforcement,LONG,2040.06,2040.51,2036.35,2039.13,2028.3225,6.654284003280999,2041.631068006562,2015.0139319934383,NY_PM,UP,0.7053006329113993,TREND_STRONG
XAUUSD.mg,2023-12-20 08:00:00,2023-12-20 08:00:00,ALLOW,STATE=TREND|QL=TREND_STRONG|LF=LOOK_FOR_trend_prev_vwap_pullback,STATE_REINFORCEMENT,state_reinforcement,LONG,2040.86,2043.06,2040.18,2041.88,2039.5905555555555,5.235718167810679,2050.061991891177,2029.1191192199344,LONDON,UP,0.7963604852686381,TREND_STRONG
XAUUSD.mg,2023-12-27 20:00:00,2023-12-27 20:00:00,ALLOW,STATE=TREND|QL=TREND_STRONG|LF=LOOK_FOR_trend_strong_orderly,STATE_REINFORCEMENT,state_reinforcement,LONG,2081.46,2084.05,2075.56,2077.14,2067.665833333333,4.474078906552107,2076.613991146437,2058.717675520229,NY_PM,UP,0.6986480593109367,TREND_STRONG
XAUUSD.mg,2023-12-28 02:00:00,2023-12-28 02:00:00,ALLOW,STATE=TREND|QL=TREND_STRONG|LF=LOOK_FOR_trend_strong_orderly,STATE_REINFORCEMENT,state_reinforcement,LONG,2079.22,2087.36,2078.85,2086.64,2079.571111111111,4.194600175482908,2087.960311462077,2071.181910760145,ASIA,UP,0.9725609756097466,TREND_STRONG
XAUUSD.mg,2024-01-04 04:00:00,2024-01-04 04:00:00,ALLOW,STATE=TREND|QL=TREND_STRONG|LF=LOOK_FOR_trend_strong_orderly,STATE_REINFORCEMENT,state_reinforcement,LONG,2041.86,2046.52,2041.86,2044.28,2040.8066666666664,7.423619033314946,2055.6539047332967,2025.9594286000367,ASIA,UP,0.3967222379203143,TREND_STRONG
XAUUSD.mg,2024-01-12 18:00:00,2024-01-12 18:00:00,ALLOW,STATE=TREND|QL=TREND_STRONG|LF=LOOK_FOR_trend_strong_orderly,STATE_REINFORCEMENT,state_reinforcement,LONG,2053.31,2055.15,2041.08,2043.53,2035.4506060606057,6.0167732115917,2047.484152483789,2023.4170596374224,NY_PM,UP,0.6213311285655233,TREND_STRONG
XAUUSD.mg,2024-01-12 20:00:00,2024-01-12 20:00:00,ALLOW,STATE=TREND|QL=TREND_STRONG|LF=LOOK_FOR_trend_strong_orderly,STATE_REINFORCEMENT,state_reinforcement,LONG,2043.56,2048.78,2042.61,2046.94,2036.1605555555557,6.11129194144381,2048.383139438443,2023.937971672668,NY_PM,UP,0.6150271107668513,TREND_STRONG
XAUUSD.mg,2024-01-19 08:00:00,2024-01-19 08:00:00,ALLOW,STATE=TREND|QL=TREND_STRONG|LF=LOOK_FOR_trend_strong_orderly,STATE_REINFORCEMENT,state_reinforcement,LONG,2021.25,2029.29,2020.47,2027.66,2022.7405555555556,6.877666214971619,2036.4958879854987,2008.985223125612,LONDON,UP,0.9259763851044558,TREND_STRONG
XAUUSD.mg,2024-01-19 10:00:00,2024-01-19 10:00:00,ALLOW,STATE=TREND|QL=TREND_STRONG|LF=LOOK_FOR_trend_strong_orderly,STATE_REINFORCEMENT,state_reinforcement,LONG,2027.63,2030.44,2025.83,2029.39,2023.265714285714,6.851843504096287,2036.969401293907,2009.562027277521,LONDON,UP,0.9546827794561956,TREND_STRONG
XAUUSD.mg,2024-01-19 12:00:00,2024-01-19 12:00:00,ALLOW,STATE=TREND|QL=TREND_STRONG|LF=LOOK_FOR_trend_strong_orderly,STATE_REINFORCEMENT,state_reinforcement,LONG,2029.39,2031.58,2028.4,2031.23,2023.78375,6.9241234495867925,2037.6319968991731,2009.9355031008265,LONDON,UP,0.98560263266146,TREND_STRONG
XAUUSD.mg,2024-01-19 14:00:00,2024-01-19 14:00:00,ALLOW,STATE=TREND|QL=TREND_STRONG|LF=LOOK_FOR_trend_strong_orderly,STATE_REINFORCEMENT,state_reinforcement,LONG,2031.23,2038.98,2031.23,2034.9,2024.5966666666664,7.100109437302105,2038.7968855412707,2010.3964477920624,NY,UP,0.8652130822596653,TREND_STRONG
XAUUSD.mg,2024-02-19 02:00:00,2024-02-19 02:00:00,ALLOW,STATE=TREND|QL=TREND_STRONG|LF=LOOK_FOR_trend_strong_orderly,STATE_REINFORCEMENT,state_reinforcement,LONG,2013.6,2020.39,2013.53,2019.43,2014.0333333333333,7.697912779980251,2029.4291588932936,1998.6375077733728,ASIA,UP,0.9625730994152034,TREND_STRONG
XAUUSD.mg,2024-03-06 16:00:00,2024-03-06 16:00:00,ALLOW,STATE=TREND|QL=TREND_STRONG|LF=LOOK_FOR_trend_strong_orderly,STATE_REINFORCEMENT,state_reinforcement,LONG,2139.03,2148.82,2131.87,2140.69,2129.1563333333334,9.700506484758916,2148.557346302852,2109.755320363816,NY,UP,0.6813014504116017,TREND_STRONG
XAUUSD.mg,2024-03-06 18:00:00,2024-03-06 18:00:00,ALLOW,STATE=TREND|QL=TREND_STRONG|LF=LOOK_FOR_trend_strong_orderly,STATE_REINFORCEMENT,state_reinforcement,LONG,2140.59,2149.63,2140.12,2144.4,2130.0621212121214,9.73005518643954,2149.522231585001,2110.602010839242,NY_PM,UP,0.8011406844106471,TREND_STRONG
XAUUSD.mg,2024-03-06 20:00:00,2024-03-06 20:00:00,ALLOW,STATE=TREND|QL=TREND_STRONG|LF=LOOK_FOR_trend_strong_orderly,STATE_REINFORCEMENT,state_reinforcement,LONG,2144.41,2151.84,2139.11,2144.02,2130.867777777778,9.743662201055448,2150.355102179889,2111.380453375667,NY_PM,UP,0.7257102770957522,TREND_STRONG
XAUUSD.mg,2024-03-07 04:00:00,2024-03-07 04:00:00,ALLOW,STATE=TREND|QL=TREND_STRONG|LF=LOOK_FOR_trend_strong_orderly,STATE_REINFORCEMENT,state_reinforcement,LONG,2145.81,2152.08,2145.3,2151.38,2147.151666666666,9.771232576077276,2166.694131818821,2127.6092015145123,ASIA,UP,0.9751066856330078,TREND_STRONG
XAUUSD.mg,2024-03-07 06:00:00,2024-03-07 06:00:00,ALLOW,STATE=TREND|QL=TREND_STRONG|LF=LOOK_FOR_trend_strong_orderly,STATE_REINFORCEMENT,state_reinforcement,LONG,2151.38,2161.1,2151.33,2154.15,2148.2593333333334,9.733751108893111,2167.72683555112,2128.791831115547,ASIA,UP,0.8128702207862186,TREND_STRONG
XAUUSD.mg,2024-03-07 10:00:00,2024-03-07 10:00:00,ALLOW,STATE=TREND|QL=TREND_STRONG|LF=LOOK_FOR_trend_strong_orderly,STATE_REINFORCEMENT,state_reinforcement,LONG,2155.66,2159.43,2153.96,2157.31,2149.746666666667,9.680916531253944,2169.1084997291746,2130.384833604159,LONDON,UP,0.8970668115154808,TREND_STRONG
XAUUSD.mg,2024-03-07 12:00:00,2024-03-07 12:00:00,ALLOW,STATE=TREND|QL=TREND_STRONG|LF=LOOK_FOR_trend_strong_orderly,STATE_REINFORCEMENT,state_reinforcement,LONG,2157.31,2158.52,2152.91,2155.68,2150.1783333333333,9.645783964482344,2169.4699012622978,2130.886765404369,LONDON,UP,0.8217105263157876,TREND_STRONG
XAUUSD.mg,2024-03-07 14:00:00,2024-03-07 14:00:00,ALLOW,STATE=TREND|QL=TREND_STRONG|LF=LOOK_FOR_trend_strong_orderly,STATE_REINFORCEMENT,state_reinforcement,LONG,2155.68,2164.29,2153.58,2159.18,2150.761851851852,9.6237213272869,2170.0092945064257,2131.5144091972784,NY,UP,0.8423812461443517,TREND_STRONG
XAUUSD.mg,2024-03-07 20:00:00,2024-03-07 20:00:00,ALLOW,STATE=TREND|QL=TREND_STRONG|LF=LOOK_FOR_trend_strong_orderly,STATE_REINFORCEMENT,state_reinforcement,LONG,2157.86,2160.49,2155.72,2159.69,2151.743333333334,9.37263398311152,2170.4886012995566,2132.998065367111,NY_PM,UP,0.785747554727529,TREND_STRONG
XAUUSD.mg,2024-03-28 06:00:00,2024-03-28 06:00:00,ALLOW,STATE=TREND|QL=TREND_STRONG|LF=LOOK_FOR_trend_strong_orderly,STATE_REINFORCEMENT,state_reinforcement,LONG,2194.43,2200.27,2194.01,2196.9,2192.623333333333,7.010358299506192,2206.6440499323453,2178.6026167343207,ASIA,UP,0.8599916909015427,TREND_STRONG
XAUUSD.mg,2024-04-02 16:00:00,2024-04-02 16:00:00,ALLOW,STATE=TREND|QL=TREND_STRONG|LF=LOOK_FOR_trend_prev_vwap_pullback,STATE_REINFORCEMENT,state_reinforcement,LONG,2264.86,2276.6,2250.49,2258.21,2253.044,7.306242419546906,2267.656484839093,2238.431515160906,NY,UP,0.5646306818181825,TREND_STRONG
XAUUSD.mg,2024-04-03 20:00:00,2024-04-03 20:00:00,ALLOW,STATE=TREND|QL=TREND_STRONG|LF=LOOK_FOR_trend_strong_orderly,STATE_REINFORCEMENT,state_reinforcement,LONG,2294.67,2298.5,2293.53,2297.12,2280.248055555556,8.454311964261667,2297.156679484079,2263.3394316270324,NY_PM,UP,0.958608278344328,TREND_STRONG
XAUUSD.mg,2024-04-05 20:00:00,2024-04-05 20:00:00,ALLOW,STATE=TREND|QL=TREND_STRONG|LF=LOOK_FOR_trend_strong_orderly,STATE_REINFORCEMENT,state_reinforcement,LONG,2325.83,2327.97,2320.36,2322.84,2289.7250000000004,11.582473223243518,2312.889946446488,2266.560053553513,NY_PM,UP,0.8853035143769993,TREND_STRONG
XAUUSD.mg,2024-04-08 10:00:00,2024-04-08 10:00:00,ALLOW,STATE=TREND|QL=TREND_STRONG|LF=LOOK_FOR_trend_strong_orderly,STATE_REINFORCEMENT,state_reinforcement,LONG,2337.2,2341.08,2332.99,2337.09,2326.456111111111,11.833676335776254,2350.123463782664,2302.7887584395585,LONDON,UP,0.7748947153919334,TREND_STRONG
XAUUSD.mg,2024-04-08 12:00:00,2024-04-08 12:00:00,ALLOW,STATE=TREND|QL=TREND_STRONG|LF=LOOK_FOR_trend_strong_orderly,STATE_REINFORCEMENT,state_reinforcement,LONG,2337.16,2343.17,2334.78,2337.0,2327.1166666666663,11.85582712490228,2350.828320916471,2303.4050124168616,LONDON,UP,0.7736720554272527,TREND_STRONG
XAUUSD.mg,2024-04-12 02:00:00,2024-04-12 02:00:00,ALLOW,STATE=TREND|QL=TREND_STRONG|LF=LOOK_FOR_trend_strong_orderly,STATE_REINFORCEMENT,state_reinforcement,LONG,2376.5,2391.04,2374.26,2390.35,2377.7533333333336,9.17623495819785,2396.105803249729,2359.4008634169377,ASIA,UP,0.9894881170018271,TREND_STRONG
XAUUSD.mg,2024-04-19 02:00:00,2024-04-19 02:00:00,ALLOW,STATE=TREND|QL=TREND_STRONG|LF=LOOK_FOR_trend_strong_orderly,STATE_REINFORCEMENT,state_reinforcement,LONG,2379.52,2417.46,2373.4,2408.92,2385.798888888889,9.035994919434676,2403.8708787277583,2367.72689905002,ASIA,UP,0.8328767123287676,TREND_STRONG
XAUUSD.mg,2024-05-24 14:00:00,2024-05-24 14:00:00,ALLOW,STATE=TREND|QL=TREND_STRONG|LF=LOOK_FOR_trend_prev_vwap_pullback,STATE_REINFORCEMENT,state_reinforcement,LONG,2337.83,2347.06,2335.28,2337.16,2332.9322222222218,10.672615621824558,2354.277453465871,2311.5869909785724,NY,UP,0.3145308032232864,TREND_STRONG
XAUUSD.mg,2024-06-10 12:00:00,2024-06-10 12:00:00,ALLOW,STATE=TREND|QL=TREND_STRONG|LF=LOOK_FOR_trend_strong_orderly,STATE_REINFORCEMENT,state_reinforcement,LONG,2294.99,2304.9,2294.94,2304.7,2295.681428571429,19.70379078693602,2335.089010145301,2256.2738469975566,LONDON,UP,0.3476607074933391,TREND_STRONG
XAUUSD.mg,2024-06-14 16:00:00,2024-06-14 16:00:00,ALLOW,STATE=TREND|QL=TREND_STRONG|LF=LOOK_FOR_trend_strong_orderly,STATE_REINFORCEMENT,state_reinforcement,LONG,2329.67,2335.08,2323.67,2325.71,2311.497,8.647864971746817,2328.7927299434937,2294.201270056506,NY,UP,0.7434772006827621,TREND_STRONG
XAUUSD.mg,2024-06-14 18:00:00,2024-06-14 18:00:00,ALLOW,STATE=TREND|QL=TREND_STRONG|LF=LOOK_FOR_trend_strong_orderly,STATE_REINFORCEMENT,state_reinforcement,LONG,2325.78,2335.18,2325.04,2333.77,2312.6078787878787,9.009279035215048,2330.626436858309,2294.589320717449,NY_PM,UP,0.9326211996713224,TREND_STRONG
XAUUSD.mg,2024-07-03 14:00:00,2024-07-03 14:00:00,ALLOW,STATE=TREND|QL=TREND_STRONG|LF=LOOK_FOR_trend_strong_orderly,STATE_REINFORCEMENT,state_reinforcement,LONG,2345.03,2358.32,2344.54,2355.12,2335.167037037037,7.619598957312845,2350.406234951663,2319.927839122412,NY,UP,0.915164369034988,TREND_STRONG
XAUUSD.mg,2024-07-03 16:00:00,2024-07-03 16:00:00,ALLOW,STATE=TREND|QL=TREND_STRONG|LF=LOOK_FOR_trend_strong_orderly,STATE_REINFORCEMENT,state_reinforcement,LONG,2356.77,2364.56,2356.77,2362.7,2336.7776666666678,8.074790081719735,2352.927246830107,2320.628086503228,NY,UP,0.9576888080072764,TREND_STRONG
XAUUSD.mg,2024-07-04 02:00:00,2024-07-04 02:00:00,ALLOW,STATE=TREND|QL=TREND_STRONG|LF=LOOK_FOR_trend_strong_orderly,STATE_REINFORCEMENT,state_reinforcement,LONG,2358.43,2362.08,2356.1,2361.57,2357.1744444444444,6.891231172877752,2370.9569067902,2343.391982098689,ASIA,UP,0.92131578947369,TREND_STRONG
XAUUSD.mg,2024-07-11 18:00:00,2024-07-11 18:00:00,ALLOW,STATE=TREND|QL=TREND_STRONG|LF=LOOK_FOR_trend_strong_orderly,STATE_REINFORCEMENT,state_reinforcement,LONG,2416.92,2418.87,2409.64,2413.3,2382.738787878788,11.578501040688003,2405.895789960164,2359.581785797412,NY_PM,UP,0.801392451447422,TREND_STRONG
XAUUSD.mg,2024-07-15 16:00:00,2024-07-15 16:00:00,ALLOW,STATE=TREND|QL=TREND_STRONG|LF=LOOK_FOR_trend_strong_orderly,STATE_REINFORCEMENT,state_reinforcement,LONG,2418.56,2437.06,2417.81,2432.94,2411.647037037037,9.5238067989308,2430.6946506348986,2392.599423439176,NY,UP,0.8858409531726275,TREND_STRONG
XAUUSD.mg,2024-07-16 06:00:00,2024-07-16 06:00:00,ALLOW,STATE=TREND|QL=TREND_STRONG|LF=LOOK_FOR_trend_strong_orderly,STATE_REINFORCEMENT,state_reinforcement,LONG,2428.27,2432.43,2424.78,2431.54,2424.3720000000003,9.465345359309527,2443.3026907186195,2405.441309281381,ASIA,UP,0.7975476128358951,TREND_STRONG
XAUUSD.mg,2024-07-16 08:00:00,2024-07-16 08:00:00,ALLOW,STATE=TREND|QL=TREND_STRONG|LF=LOOK_FOR_trend_strong_orderly,STATE_REINFORCEMENT,state_reinforcement,LONG,2431.54,2438.94,2427.81,2436.63,2425.5994444444445,9.492368851842944,2444.5841821481304,2406.6147067407587,LONDON,UP,0.918423464711272,TREND_STRONG
XAUUSD.mg,2024-07-16 10:00:00,2024-07-16 10:00:00,ALLOW,STATE=TREND|QL=TREND_STRONG|LF=LOOK_FOR_trend_strong_orderly,STATE_REINFORCEMENT,state_reinforcement,LONG,2436.63,2442.93,2433.2,2442.08,2426.9257142857145,9.582043554017266,2446.089801393749,2407.76162717768,LONDON,UP,0.9739183798711286,TREND_STRONG
XAUUSD.mg,2024-07-17 14:00:00,2024-07-17 14:00:00,ALLOW,STATE=TREND|QL=TREND_STRONG|LF=LOOK_FOR_trend_strong_orderly,STATE_REINFORCEMENT,state_reinforcement,LONG,2469.72,2483.02,2468.33,2482.59,2471.7322222222224,11.78655660525519,2495.3053354327326,2448.159109011712,NY,UP,0.9899626517273614,TREND_STRONG
XAUUSD.mg,2024-07-26 18:00:00,2024-07-26 18:00:00,ALLOW,STATE=TREND|QL=TREND_STRONG|LF=LOOK_FOR_trend_strong_orderly,STATE_REINFORCEMENT,state_reinforcement,LONG,2384.81,2390.0,2380.78,2383.06,2369.449090909091,10.287896327578489,2390.024883564248,2348.873298253934,NY_PM,UP,0.7994513031550073,TREND_STRONG
XAUUSD.mg,2024-08-08 20:00:00,2024-08-08 20:00:00,ALLOW,STATE=TREND|QL=TREND_STRONG|LF=LOOK_FOR_trend_strong_orderly,STATE_REINFORCEMENT,state_reinforcement,LONG,2423.16,2425.92,2421.22,2423.19,2395.8975,14.667531744446528,2425.232563488893,2366.562436511107,NY_PM,UP,0.9397350993377482,TREND_STRONG
XAUUSD.mg,2024-08-12 10:00:00,2024-08-12 10:00:00,ALLOW,STATE=TREND|QL=TREND_STRONG|LF=LOOK_FOR_trend_strong_orderly,STATE_REINFORCEMENT,state_reinforcement,LONG,2441.33,2444.68,2439.27,2442.28,2431.4066666666668,9.80734770947637,2451.02136208562,2411.791971247714,LONDON,UP,0.8996235884567273,TREND_STRONG
XAUUSD.mg,2024-08-12 12:00:00,2024-08-12 12:00:00,ALLOW,STATE=TREND|QL=TREND_STRONG|LF=LOOK_FOR_trend_strong_orderly,STATE_REINFORCEMENT,state_reinforcement,LONG,2442.28,2444.35,2439.3,2441.19,2432.127142857142,9.833308760332155,2451.793760377807,2412.4605253364784,LONDON,UP,0.8540359682141446,TREND_STRONG
XAUUSD.mg,2024-08-12 14:00:00,2024-08-12 14:00:00,ALLOW,STATE=TREND|QL=TREND_STRONG|LF=LOOK_FOR_trend_strong_orderly,STATE_REINFORCEMENT,state_reinforcement,LONG,2441.19,2457.09,2441.04,2453.9,2433.714166666666,10.107143430734986,2453.9284535281367,2413.4998798051965,NY,UP,0.9050877714965772,TREND_STRONG
XAUUSD.mg,2024-08-12 16:00:00,2024-08-12 16:00:00,ALLOW,STATE=TREND|QL=TREND_STRONG|LF=LOOK_FOR_trend_strong_orderly,STATE_REINFORCEMENT,state_reinforcement,LONG,2453.87,2460.05,2444.17,2459.4,2435.261851851852,10.49861016666062,2456.2590721851734,2414.2646315185307,NY,UP,0.982225868197974,TREND_STRONG
XAUUSD.mg,2024-08-12 18:00:00,2024-08-12 18:00:00,ALLOW,STATE=TREND|QL=TREND_STRONG|LF=LOOK_FOR_trend_strong_orderly,STATE_REINFORCEMENT,state_reinforcement,LONG,2459.41,2468.19,2458.67,2466.72,2437.0153333333333,10.821656108265842,2458.658645549865,2415.372021116801,NY_PM,UP,0.9671214493401868,TREND_STRONG
XAUUSD.mg,2024-08-12 20:00:00,2024-08-12 20:00:00,ALLOW,STATE=TREND|QL=TREND_STRONG|LF=LOOK_FOR_trend_strong_orderly,STATE_REINFORCEMENT,state_reinforcement,LONG,2466.75,2471.75,2466.1,2470.11,2438.660606060606,10.870873810791393,2460.4023536821887,2416.918858439023,NY_PM,UP,0.9660244458255672,TREND_STRONG
XAUUSD.mg,2024-09-05 14:00:00,2024-09-05 14:00:00,ALLOW,STATE=TREND|QL=TREND_STRONG|LF=LOOK_FOR_trend_strong_orderly,STATE_REINFORCEMENT,state_reinforcement,LONG,2514.81,2523.09,2512.08,2514.64,2500.9166666666665,6.747371389742777,2514.411409446152,2487.421923887181,NY,UP,0.7797184567257496,TREND_STRONG
XAUUSD.mg,2024-09-06 06:00:00,2024-09-06 06:00:00,ALLOW,STATE=TREND|QL=TREND_STRONG|LF=LOOK_FOR_trend_strong_orderly,STATE_REINFORCEMENT,state_reinforcement,LONG,2517.89,2521.47,2517.4,2519.69,2516.170666666666,5.992660864021435,2528.155988394709,2504.185344938623,ASIA,UP,0.8492907801418396,TREND_STRONG
XAUUSD.mg,2024-09-10 20:00:00,2024-09-10 20:00:00,ALLOW,STATE=TREND|QL=TREND_STRONG|LF=LOOK_FOR_trend_strong_orderly,STATE_REINFORCEMENT,state_reinforcement,LONG,2512.78,2517.09,2511.72,2516.88,2506.2116666666666,6.920882402563266,2520.053431471793,2492.3699018615403,NY_PM,UP,0.9354132457580824,TREND_STRONG
XAUUSD.mg,2024-09-13 14:00:00,2024-09-13 14:00:00,ALLOW,STATE=TREND|QL=TREND_STRONG|LF=LOOK_FOR_trend_strong_orderly,STATE_REINFORCEMENT,state_reinforcement,LONG,2567.01,2582.97,2565.68,2577.65,2563.96,9.19488593843353,2582.349771876867,2545.570228123133,NY,UP,0.8718998314471529,TREND_STRONG
XAUUSD.mg,2024-09-13 20:00:00,2024-09-13 20:00:00,ALLOW,STATE=TREND|QL=TREND_STRONG|LF=LOOK_FOR_trend_strong_orderly,STATE_REINFORCEMENT,state_reinforcement,LONG,2582.27,2583.51,2578.29,2582.21,2566.566666666666,9.60091061126036,2585.768487889187,2547.364845444145,NY_PM,UP,0.8822328114363505,TREND_STRONG
XAUUSD.mg,2024-10-01 18:00:00,2024-10-01 18:00:00,ALLOW,STATE=TREND|QL=TREND_STRONG|LF=LOOK_FOR_trend_strong_orderly,STATE_REINFORCEMENT,state_reinforcement,LONG,2662.96,2672.76,2660.86,2662.02,2642.930606060606,10.486896406841868,2663.9043988742897,2621.956813246922,NY_PM,UP,0.7784196410150571,TREND_STRONG
XAUUSD.mg,2024-10-01 20:00:00,2024-10-01 20:00:00,ALLOW,STATE=TREND|QL=TREND_STRONG|LF=LOOK_FOR_trend_strong_orderly,STATE_REINFORCEMENT,state_reinforcement,LONG,2662.02,2664.56,2657.19,2658.32,2643.839166666666,10.67706808458333,2665.193302835833,2622.4850304975,NY_PM,UP,0.6589513462446858,TREND_STRONG
XAUUSD.mg,2024-10-11 02:00:00,2024-10-11 02:00:00,ALLOW,STATE=TREND|QL=TREND_STRONG|LF=LOOK_FOR_trend_strong_orderly,STATE_REINFORCEMENT,state_reinforcement,LONG,2632.79,2637.64,2631.66,2637.45,2632.0255555555555,7.915946530758656,2647.857448617073,2616.193662494038,ASIA,UP,0.9944863609982572,TREND_STRONG
XAUUSD.mg,2024-10-11 04:00:00,2024-10-11 04:00:00,ALLOW,STATE=TREND|QL=TREND_STRONG|LF=LOOK_FOR_trend_strong_orderly,STATE_REINFORCEMENT,state_reinforcement,LONG,2637.42,2645.68,2634.93,2645.12,2633.898333333333,8.092603306414777,2650.083539946163,2617.713126720504,ASIA,UP,0.986823529411766,TREND_STRONG
XAUUSD.mg,2024-10-11 08:00:00,2024-10-11 08:00:00,ALLOW,STATE=TREND|QL=TREND_STRONG|LF=LOOK_FOR_trend_strong_orderly,STATE_REINFORCEMENT,state_reinforcement,LONG,2644.38,2646.77,2637.66,2645.02,2635.7844444444445,8.305633889314066,2652.3957122230727,2619.1731766658163,LONDON,UP,0.9598531773342512,TREND_STRONG
XAUUSD.mg,2024-10-18 02:00:00,2024-10-18 02:00:00,ALLOW,STATE=TREND|QL=TREND_STRONG|LF=LOOK_FOR_trend_strong_orderly,STATE_REINFORCEMENT,state_reinforcement,LONG,2693.38,2706.38,2692.45,2704.28,2694.975555555556,5.509798524758444,2705.9951526050727,2683.9559585060388,ASIA,UP,0.9374441465594312,TREND_STRONG
XAUUSD.mg,2024-10-18 04:00:00,2024-10-18 04:00:00,ALLOW,STATE=TREND|QL=TREND_STRONG|LF=LOOK_FOR_trend_strong_orderly,STATE_REINFORCEMENT,state_reinforcement,LONG,2704.23,2711.55,2703.68,2709.63,2697.209166666667,5.586422271130968,2708.382011208929,2686.036322124405,ASIA,UP,0.9504388229220428,TREND_STRONG
XAUUSD.mg,2024-10-18 10:00:00,2024-10-18 10:00:00,ALLOW,STATE=TREND|QL=TREND_STRONG|LF=LOOK_FOR_trend_strong_orderly,STATE_REINFORCEMENT,state_reinforcement,LONG,2701.91,2712.72,2701.29,2710.94,2700.1471428571426,5.665435069925429,2711.4780129969936,2688.816272717292,LONDON,UP,0.9331864904552128,TREND_STRONG
XAUUSD.mg,2024-10-18 12:00:00,2024-10-18 12:00:00,ALLOW,STATE=TREND|QL=TREND_STRONG|LF=LOOK_FOR_trend_strong_orderly,STATE_REINFORCEMENT,state_reinforcement,LONG,2710.98,2712.71,2707.57,2709.44,2700.6979166666665,5.669320323799989,2712.0365573142667,2689.3592760190663,LONDON,UP,0.89647577092511,TREND_STRONG
XAUUSD.mg,2024-10-18 14:00:00,2024-10-18 14:00:00,ALLOW,STATE=TREND|QL=TREND_STRONG|LF=LOOK_FOR_trend_strong_orderly,STATE_REINFORCEMENT,state_reinforcement,LONG,2709.46,2716.66,2704.59,2713.32,2701.3807407407407,5.761196609302274,2712.9031339593453,2689.858347522136,NY,UP,0.8990326481257649,TREND_STRONG
XAUUSD.mg,2024-10-18 16:00:00,2024-10-18 16:00:00,ALLOW,STATE=TREND|QL=TREND_STRONG|LF=LOOK_FOR_trend_strong_orderly,STATE_REINFORCEMENT,state_reinforcement,LONG,2713.27,2719.7,2711.75,2714.45,2702.066,5.806056910141919,2713.678113820284,2690.453886179716,NY,UP,0.8546511627906972,TREND_STRONG
XAUUSD.mg,2024-10-22 20:00:00,2024-10-22 20:00:00,ALLOW,STATE=TREND|QL=TREND_STRONG|LF=LOOK_FOR_trend_strong_orderly,STATE_REINFORCEMENT,state_reinforcement,LONG,2746.37,2748.5,2743.47,2747.99,2729.199722222222,6.246921559090777,2741.693565340404,2716.7058791040404,NY_PM,UP,0.9829999999999928,TREND_STRONG
XAUUSD.mg,2024-10-23 08:00:00,2024-10-23 08:00:00,ALLOW,STATE=TREND|QL=TREND_STRONG|LF=LOOK_FOR_trend_strong_orderly,STATE_REINFORCEMENT,state_reinforcement,LONG,2751.18,2755.22,2747.71,2754.58,2746.0272222222216,6.534919901204973,2759.097062024632,2732.9573824198114,LONDON,UP,0.9754507096279296,TREND_STRONG
XAUUSD.mg,2024-10-29 20:00:00,2024-10-29 20:00:00,ALLOW,STATE=TREND|QL=TREND_STRONG|LF=LOOK_FOR_trend_strong_orderly,STATE_REINFORCEMENT,state_reinforcement,LONG,2769.41,2774.39,2767.87,2771.8,2751.161666666667,9.128629594804954,2769.418925856277,2732.904407477057,NY_PM,UP,0.9258729250143192,TREND_STRONG
XAUUSD.mg,2024-10-30 02:00:00,2024-10-30 02:00:00,ALLOW,STATE=TREND|QL=TREND_STRONG|LF=LOOK_FOR_trend_strong_orderly,STATE_REINFORCEMENT,state_reinforcement,LONG,2774.63,2781.76,2774.49,2781.28,2775.061111111112,6.811113465445291,2788.683338042002,2761.438884180221,ASIA,UP,0.9865996649916244,TREND_STRONG
XAUUSD.mg,2024-11-21 08:00:00,2024-11-21 08:00:00,ALLOW,STATE=TREND|QL=TREND_STRONG|LF=LOOK_FOR_trend_strong_orderly,STATE_REINFORCEMENT,state_reinforcement,LONG,2656.53,2664.12,2656.18,2662.73,2653.278888888889,8.649040779817359,2670.576970448524,2635.9808073292543,LONDON,UP,0.9695442594215627,TREND_STRONG
XAUUSD.mg,2024-11-21 10:00:00,2024-11-21 10:00:00,ALLOW,STATE=TREND|QL=TREND_STRONG|LF=LOOK_FOR_trend_strong_orderly,STATE_REINFORCEMENT,state_reinforcement,LONG,2662.73,2671.27,2661.61,2668.46,2654.5528571428576,8.49123516090634,2671.5353274646704,2637.570386821045,LONDON,UP,0.9445868664957612,TREND_STRONG
XAUUSD.mg,2024-11-21 12:00:00,2024-11-21 12:00:00,ALLOW,STATE=TREND|QL=TREND_STRONG|LF=LOOK_FOR_trend_strong_orderly,STATE_REINFORCEMENT,state_reinforcement,LONG,2668.46,2673.1,2664.67,2671.07,2655.6933333333336,8.468325130641519,2672.6299835946165,2638.7566830720507,LONDON,UP,0.9562782683609788,TREND_STRONG
XAUUSD.mg,2024-11-21 14:00:00,2024-11-21 14:00:00,ALLOW,STATE=TREND|QL=TREND_STRONG|LF=LOOK_FOR_trend_strong_orderly,STATE_REINFORCEMENT,state_reinforcement,LONG,2671.08,2671.38,2660.05,2665.07,2656.3581481481483,8.356308050662244,2673.0707642494726,2639.645532046824,NY,UP,0.7957782299084485,TREND_STRONG
XAUUSD.mg,2024-11-21 16:00:00,2024-11-21 16:00:00,ALLOW,STATE=TREND|QL=TREND_STRONG|LF=LOOK_FOR_trend_strong_orderly,STATE_REINFORCEMENT,state_reinforcement,LONG,2665.07,2671.18,2661.06,2667.33,2656.965333333333,8.358298973697416,2673.6819312807283,2640.2487353859387,NY,UP,0.7942225392296722,TREND_STRONG
XAUUSD.mg,2024-11-21 18:00:00,2024-11-21 18:00:00,ALLOW,STATE=TREND|QL=TREND_STRONG|LF=LOOK_FOR_trend_strong_orderly,STATE_REINFORCEMENT,state_reinforcement,LONG,2667.34,2672.42,2660.92,2671.45,2657.58696969697,8.322403036497127,2674.2317757699643,2640.9421636239754,NY_PM,UP,0.9411554921540622,TREND_STRONG
XAUUSD.mg,2024-11-21 20:00:00,2024-11-21 20:00:00,ALLOW,STATE=TREND|QL=TREND_STRONG|LF=LOOK_FOR_trend_strong_orderly,STATE_REINFORCEMENT,state_reinforcement,LONG,2671.46,2673.1,2667.44,2669.29,2658.045,8.327289539471384,2674.699579078943,2641.3904209210573,NY_PM,UP,0.8548018292682935,TREND_STRONG
XAUUSD.mg,2024-11-27 12:00:00,2024-11-27 12:00:00,ALLOW,STATE=TREND|QL=TREND_STRONG|LF=LOOK_FOR_trend_strong_orderly,STATE_REINFORCEMENT,state_reinforcement,LONG,2648.04,2651.92,2643.08,2650.75,2636.464166666666,19.31672941724314,2675.097625501153,2597.8307078321805,LONDON,UP,0.9293448835950155,TREND_STRONG
XAUUSD.mg,2024-11-27 14:00:00,2024-11-27 14:00:00,ALLOW,STATE=TREND|QL=TREND_STRONG|LF=LOOK_FOR_trend_strong_orderly,STATE_REINFORCEMENT,state_reinforcement,LONG,2650.74,2657.81,2645.45,2655.89,2637.612962962963,19.387035780803583,2676.3870345245705,2598.838891401356,NY,UP,0.9536119835709088,TREND_STRONG
XAUUSD.mg,2024-11-29 08:00:00,2024-11-29 08:00:00,ALLOW,STATE=TREND|QL=TREND_STRONG|LF=LOOK_FOR_trend_strong_orderly,STATE_REINFORCEMENT,state_reinforcement,LONG,2662.02,2665.88,2658.71,2660.2,2647.606,17.922681560418717,2683.4513631208374,2611.760636879162,LONDON,UP,0.8349317058994409,TREND_STRONG
XAUUSD.mg,2024-11-29 10:00:00,2024-11-29 10:00:00,ALLOW,STATE=TREND|QL=TREND_STRONG|LF=LOOK_FOR_trend_strong_orderly,STATE_REINFORCEMENT,state_reinforcement,LONG,2660.2,2664.35,2654.15,2663.79,2648.7455555555557,17.60765304829457,2683.960861652145,2613.530249458966,LONDON,UP,0.9351334574798222,TREND_STRONG
XAUUSD.mg,2024-12-09 16:00:00,2024-12-09 16:00:00,ALLOW,STATE=TREND|QL=TREND_STRONG|LF=LOOK_FOR_trend_strong_orderly,STATE_REINFORCEMENT,state_reinforcement,LONG,2665.41,2676.04,2662.29,2667.92,2645.11,7.7895607323986065,2660.689121464797,2629.530878535203,NY,UP,0.8339128656166923,TREND_STRONG
XAUUSD.mg,2024-12-10 04:00:00,2024-12-10 04:00:00,ALLOW,STATE=TREND|QL=TREND_STRONG|LF=LOOK_FOR_trend_strong_orderly,STATE_REINFORCEMENT,state_reinforcement,LONG,2667.09,2671.32,2665.1,2669.56,2661.936666666667,8.077581255979982,2678.091829178627,2645.781504154707,ASIA,UP,0.8447532343076174,TREND_STRONG
XAUUSD.mg,2024-12-10 06:00:00,2024-12-10 06:00:00,ALLOW,STATE=TREND|QL=TREND_STRONG|LF=LOOK_FOR_trend_strong_orderly,STATE_REINFORCEMENT,state_reinforcement,LONG,2669.56,2673.42,2667.92,2668.47,2662.7633333333333,8.066852918893263,2678.89703917112,2646.629627495546,ASIA,UP,0.8018843234755259,TREND_STRONG
XAUUSD.mg,2024-12-10 16:00:00,2024-12-10 16:00:00,ALLOW,STATE=TREND|QL=TREND_STRONG|LF=LOOK_FOR_trend_strong_orderly,STATE_REINFORCEMENT,state_reinforcement,LONG,2680.2,2691.4,2679.13,2687.01,2666.3093333333336,8.513363046670326,2683.336059426674,2649.282607239993,NY,UP,0.8748574686431049,TREND_STRONG
XAUUSD.mg,2024-12-10 18:00:00,2024-12-10 18:00:00,ALLOW,STATE=TREND|QL=TREND_STRONG|LF=LOOK_FOR_trend_strong_orderly,STATE_REINFORCEMENT,state_reinforcement,LONG,2687.06,2695.19,2684.27,2694.04,2667.722121212121,9.056173490800548,2685.8344681937224,2649.60977423052,NY_PM,UP,0.9704142011834296,TREND_STRONG
XAUUSD.mg,2024-12-10 20:00:00,2024-12-10 20:00:00,ALLOW,STATE=TREND|QL=TREND_STRONG|LF=LOOK_FOR_trend_strong_orderly,STATE_REINFORCEMENT,state_reinforcement,LONG,2694.04,2694.82,2690.73,2691.64,2668.8327777777777,9.36691378838565,2687.5666053545488,2650.0989502010066,NY_PM,UP,0.9086699253923284,TREND_STRONG
XAUUSD.mg,2024-12-11 02:00:00,2024-12-11 02:00:00,ALLOW,STATE=TREND|QL=TREND_STRONG|LF=LOOK_FOR_trend_strong_orderly,STATE_REINFORCEMENT,state_reinforcement,LONG,2695.67,2703.37,2693.13,2699.66,2695.1422222222222,9.359265873794229,2713.8607539698105,2676.423690474634,ASIA,UP,0.9126853377265226,TREND_STRONG
XAUUSD.mg,2024-12-11 14:00:00,2024-12-11 14:00:00,ALLOW,STATE=TREND|QL=TREND_STRONG|LF=LOOK_FOR_trend_strong_orderly,STATE_REINFORCEMENT,state_reinforcement,LONG,2696.27,2701.68,2690.21,2700.61,2693.0503703703703,9.373657050573051,2711.7976844715163,2674.3030562692243,NY,UP,0.8835257082896149,TREND_STRONG
XAUUSD.mg,2024-12-11 16:00:00,2024-12-11 16:00:00,ALLOW,STATE=TREND|QL=TREND_STRONG|LF=LOOK_FOR_trend_strong_orderly,STATE_REINFORCEMENT,state_reinforcement,LONG,2700.62,2715.57,2696.21,2712.77,2693.868333333333,9.560957839518174,2712.990249012369,2674.7464176542967,NY,UP,0.930382894082542,TREND_STRONG
XAUUSD.mg,2024-12-11 18:00:00,2024-12-11 18:00:00,ALLOW,STATE=TREND|QL=TREND_STRONG|LF=LOOK_FOR_trend_strong_orderly,STATE_REINFORCEMENT,state_reinforcement,LONG,2712.78,2719.58,2710.73,2717.67,2694.807575757576,9.831604396267982,2714.470784550112,2675.14436696504,NY_PM,UP,0.9568166402893996,TREND_STRONG
XAUUSD.mg,2024-12-11 20:00:00,2024-12-11 20:00:00,ALLOW,STATE=TREND|QL=TREND_STRONG|LF=LOOK_FOR_trend_strong_orderly,STATE_REINFORCEMENT,state_reinforcement,LONG,2717.65,2720.7,2712.94,2717.66,2695.621111111111,9.86894907649779,2715.3590092641066,2675.883212958116,NY_PM,UP,0.9329658213891958,TREND_STRONG
XAUUSD.mg,2024-12-23 08:00:00,2024-12-23 08:00:00,ALLOW,STATE=TREND|QL=TREND_STRONG|LF=LOOK_FOR_trend_strong_orderly,STATE_REINFORCEMENT,state_reinforcement,LONG,2626.34,2632.89,2624.2,2629.9,2624.5246666666667,11.284395796022608,2647.093458258712,2601.9558750746214,LONDON,UP,0.9096949562065898,TREND_STRONG
XAUUSD.mg,2024-12-31 20:00:00,2024-12-31 20:00:00,ALLOW,STATE=TREND|QL=TREND_STRONG|LF=LOOK_FOR_trend_strong_orderly,STATE_REINFORCEMENT,state_reinforcement,LONG,2623.85,2626.83,2622.23,2623.39,2610.691388888889,7.625458072650088,2625.9423050341893,2595.4404727435885,NY_PM,UP,0.8493370831659294,TREND_STRONG
XAUUSD.mg,2025-01-02 02:00:00,2025-01-02 02:00:00,ALLOW,STATE=TREND|QL=TREND_STRONG|LF=LOOK_FOR_trend_strong_orderly,STATE_REINFORCEMENT,state_reinforcement,LONG,2623.38,2634.13,2622.38,2632.6,2626.3466666666664,7.658009574360373,2641.6626858153872,2611.030647517945,ASIA,UP,0.9520075282308595,TREND_STRONG
XAUUSD.mg,2025-01-10 06:00:00,2025-01-10 06:00:00,ALLOW,STATE=TREND|QL=TREND_STRONG|LF=LOOK_FOR_trend_strong_orderly,STATE_REINFORCEMENT,state_reinforcement,LONG,2673.3,2675.52,2671.22,2674.61,2670.786666666667,6.00901840177724,2682.8047034702213,2658.7686298631124,ASIA,UP,0.8367654445002537,TREND_STRONG
XAUUSD.mg,2025-01-10 08:00:00,2025-01-10 08:00:00,ALLOW,STATE=TREND|QL=TREND_STRONG|LF=LOOK_FOR_trend_strong_orderly,STATE_REINFORCEMENT,state_reinforcement,LONG,2674.6,2678.36,2673.09,2675.8,2671.3377777777782,5.987938604896641,2683.313654987572,2659.361900567985,LONDON,UP,0.8599562363238558,TREND_STRONG
XAUUSD.mg,2025-01-10 10:00:00,2025-01-10 10:00:00,ALLOW,STATE=TREND|QL=TREND_STRONG|LF=LOOK_FOR_trend_strong_orderly,STATE_REINFORCEMENT,state_reinforcement,LONG,2675.8,2681.99,2675.36,2678.15,2672.016190476191,5.854538494007627,2683.725267464206,2660.307113488176,LONDON,UP,0.8045801526717679,TREND_STRONG
XAUUSD.mg,2025-01-10 12:00:00,2025-01-10 12:00:00,ALLOW,STATE=TREND|QL=TREND_STRONG|LF=LOOK_FOR_trend_strong_orderly,STATE_REINFORCEMENT,state_reinforcement,LONG,2678.35,2682.69,2677.91,2680.99,2672.6725,5.484839148501684,2683.6421782970037,2661.702821702997,LONDON,UP,0.9164619164619028,TREND_STRONG
XAUUSD.mg,2025-01-10 14:00:00,2025-01-10 14:00:00,ALLOW,STATE=TREND|QL=TREND_STRONG|LF=LOOK_FOR_trend_strong_orderly,STATE_REINFORCEMENT,state_reinforcement,LONG,2680.99,2683.39,2663.72,2682.27,2673.093333333333,5.391278963412625,2683.8758912601584,2662.310775406508,NY,UP,0.9467933491686504,TREND_STRONG
XAUUSD.mg,2025-01-10 16:00:00,2025-01-10 16:00:00,ALLOW,STATE=TREND|QL=TREND_STRONG|LF=LOOK_FOR_trend_strong_orderly,STATE_REINFORCEMENT,state_reinforcement,LONG,2682.17,2697.46,2680.51,2692.38,2674.236,5.758637052548191,2685.7532741050964,2662.7187258949034,NY,UP,0.8553530751708445,TREND_STRONG
XAUUSD.mg,2025-01-10 18:00:00,2025-01-10 18:00:00,ALLOW,STATE=TREND|QL=TREND_STRONG|LF=LOOK_FOR_trend_strong_orderly,STATE_REINFORCEMENT,state_reinforcement,LONG,2692.33,2697.33,2686.37,2695.67,2675.2706060606065,5.674419912899427,2686.619445886405,2663.921766234808,NY_PM,UP,0.946947243627743,TREND_STRONG
XAUUSD.mg,2025-01-10 20:00:00,2025-01-10 20:00:00,ALLOW,STATE=TREND|QL=TREND_STRONG|LF=LOOK_FOR_trend_strong_orderly,STATE_REINFORCEMENT,state_reinforcement,LONG,2695.67,2696.78,2684.22,2685.58,2675.8525000000004,5.620625274975599,2687.0937505499514,2664.6112494500494,NY_PM,UP,0.6478956727919376,TREND_STRONG
XAUUSD.mg,2025-01-14 04:00:00,2025-01-14 04:00:00,ALLOW,STATE=TREND|QL=TREND_STRONG|LF=LOOK_FOR_trend_strong_orderly,STATE_REINFORCEMENT,state_reinforcement,LONG,2670.4,2671.86,2668.21,2669.4,2665.0091666666667,8.43868077792096,2681.886528222509,2648.1318051108246,ASIA,UP,0.3755078351712141,TREND_STRONG
XAUUSD.mg,2025-01-16 18:00:00,2025-01-16 18:00:00,ALLOW,STATE=TREND|QL=TREND_STRONG|LF=LOOK_FOR_trend_strong_orderly,STATE_REINFORCEMENT,state_reinforcement,LONG,2716.49,2724.35,2716.27,2721.38,2700.591212121212,9.606283900451489,2719.8037799221142,2681.3786443203085,NY_PM,UP,0.9145323741007252,TREND_STRONG
XAUUSD.mg,2025-01-21 06:00:00,2025-01-21 06:00:00,ALLOW,STATE=TREND|QL=TREND_STRONG|LF=LOOK_FOR_trend_strong_orderly,STATE_REINFORCEMENT,state_reinforcement,LONG,2723.89,2728.73,2722.66,2725.8,2714.6383333333333,6.788139675062315,2728.2146126834577,2701.062053983209,ASIA,UP,0.8921207658321115,TREND_STRONG
XAUUSD.mg,2025-01-21 08:00:00,2025-01-21 08:00:00,ALLOW,STATE=TREND|QL=TREND_STRONG|LF=LOOK_FOR_trend_strong_orderly,STATE_REINFORCEMENT,state_reinforcement,LONG,2725.8,2732.46,2722.25,2729.42,2715.996,6.787587020612568,2729.5711740412253,2702.420825958775,LONDON,UP,0.9015862738750412,TREND_STRONG
XAUUSD.mg,2025-01-30 16:00:00,2025-01-30 16:00:00,ALLOW,STATE=TREND|QL=TREND_STRONG|LF=LOOK_FOR_trend_strong_orderly,STATE_REINFORCEMENT,state_reinforcement,LONG,2785.42,2796.42,2779.69,2795.06,2764.5996666666665,10.501540213210186,2785.6027470930867,2743.5965862402463,NY,UP,0.9738310563786776,TREND_STRONG
XAUUSD.mg,2025-01-30 18:00:00,2025-01-30 18:00:00,ALLOW,STATE=TREND|QL=TREND_STRONG|LF=LOOK_FOR_trend_strong_orderly,STATE_REINFORCEMENT,state_reinforcement,LONG,2795.0,2798.09,2788.37,2795.23,2766.170606060606,10.956561119681965,2788.08372829997,2744.257483821242,NY_PM,UP,0.9466815809097668,TREND_STRONG
XAUUSD.mg,2025-01-30 20:00:00,2025-01-30 20:00:00,ALLOW,STATE=TREND|QL=TREND_STRONG|LF=LOOK_FOR_trend_strong_orderly,STATE_REINFORCEMENT,state_reinforcement,LONG,2795.3,2796.78,2790.4,2793.02,2767.418333333333,11.391610786604376,2790.2015549065422,2744.635111760125,NY_PM,UP,0.8892287524579383,TREND_STRONG
XAUUSD.mg,2025-02-05 08:00:00,2025-02-05 08:00:00,ALLOW,STATE=TREND|QL=TREND_STRONG|LF=LOOK_FOR_trend_strong_orderly,STATE_REINFORCEMENT,state_reinforcement,LONG,2858.94,2863.83,2854.53,2863.78,2847.5177777777776,10.682397672565866,2868.882573122909,2826.152982432646,LONDON,UP,0.9990752727945308,TREND_STRONG
XAUUSD.mg,2025-02-05 10:00:00,2025-02-05 10:00:00,ALLOW,STATE=TREND|QL=TREND_STRONG|LF=LOOK_FOR_trend_strong_orderly,STATE_REINFORCEMENT,state_reinforcement,LONG,2863.78,2871.87,2863.3,2869.92,2849.3566666666666,10.800546903179937,2870.9577604730266,2827.7555728603065,LONDON,UP,0.9672323979163197,TREND_STRONG
XAUUSD.mg,2025-02-05 12:00:00,2025-02-05 12:00:00,ALLOW,STATE=TREND|QL=TREND_STRONG|LF=LOOK_FOR_trend_strong_orderly,STATE_REINFORCEMENT,state_reinforcement,LONG,2870.03,2876.63,2864.41,2868.3,2850.866666666667,10.877078383535752,2872.620823433738,2829.112509899596,LONDON,UP,0.8666986717874877,TREND_STRONG
XAUUSD.mg,2025-02-05 14:00:00,2025-02-05 14:00:00,ALLOW,STATE=TREND|QL=TREND_STRONG|LF=LOOK_FOR_trend_strong_orderly,STATE_REINFORCEMENT,state_reinforcement,LONG,2868.31,2870.51,2858.26,2861.46,2851.7877777777776,10.850315468222345,2873.4884087142223,2830.087146841333,NY,UP,0.6841557359983341,TREND_STRONG
XAUUSD.mg,2025-02-05 16:00:00,2025-02-05 16:00:00,ALLOW,STATE=TREND|QL=TREND_STRONG|LF=LOOK_FOR_trend_strong_orderly,STATE_REINFORCEMENT,state_reinforcement,LONG,2861.44,2881.95,2860.32,2879.85,2853.315,11.101443284799569,2875.5178865696,2831.1121134304008,NY,UP,0.9577549788774912,TREND_STRONG
XAUUSD.mg,2025-02-13 16:00:00,2025-02-13 16:00:00,ALLOW,STATE=TREND|QL=TREND_STRONG|LF=LOOK_FOR_trend_strong_orderly,STATE_REINFORCEMENT,state_reinforcement,LONG,2908.15,2920.56,2906.25,2919.85,2908.2136666666665,12.086326826597542,2932.3863203198616,2884.0410130134715,NY,UP,0.914546640574041,TREND_STRONG
XAUUSD.mg,2025-02-18 18:00:00,2025-02-18 18:00:00,ALLOW,STATE=TREND|QL=TREND_STRONG|LF=LOOK_FOR_trend_strong_orderly,STATE_REINFORCEMENT,state_reinforcement,LONG,2926.75,2933.31,2923.9,2930.94,2918.601164278634,11.749102288570128,2942.099368855774,2895.102959701493,NY_PM,UP,0.9431108977436414,TREND_STRONG
XAUUSD.mg,2025-02-18 20:00:00,2025-02-18 20:00:00,ALLOW,STATE=TREND|QL=TREND_STRONG|LF=LOOK_FOR_trend_strong_orderly,STATE_REINFORCEMENT,state_reinforcement,LONG,2930.95,2936.67,2928.19,2935.55,2920.623109606186,11.762125588692692,2944.1473607835715,2897.0988584288007,NY_PM,UP,0.9751221679253688,TREND_STRONG
XAUUSD.mg,2025-03-13 00:00:00,2025-03-13 00:00:00,ALLOW,STATE=TREND|QL=TREND_STRONG|LF=LOOK_FOR_trend_prev_vwap_pullback,STATE_REINFORCEMENT,state_reinforcement,LONG,2938.14,2939.19,2934.5,2937.86,2934.503153909779,9.001204274056022,2952.505562457891,2916.500745361667,ASIA,UP,0.9316661820296622,TREND_STRONG
XAUUSD.mg,2025-03-13 04:00:00,2025-03-13 04:00:00,ALLOW,STATE=TREND|QL=TREND_STRONG|LF=LOOK_FOR_trend_strong_orderly,STATE_REINFORCEMENT,state_reinforcement,LONG,2937.69,2946.84,2937.32,2945.38,2938.0074373443763,8.988469621067756,2955.984376586512,2920.030498102241,ASIA,UP,0.9644076060458304,TREND_STRONG
XAUUSD.mg,2025-03-18 08:00:00,2025-03-18 08:00:00,ALLOW,STATE=TREND|QL=TREND_STRONG|LF=LOOK_FOR_trend_strong_orderly,STATE_REINFORCEMENT,state_reinforcement,LONG,3011.76,3018.67,3010.36,3016.26,3007.661350616099,8.50893384005631,3024.6792182962117,2990.6434829359864,LONDON,UP,0.9326251048364592,TREND_STRONG
XAUUSD.mg,2025-03-18 10:00:00,2025-03-18 10:00:00,ALLOW,STATE=TREND|QL=TREND_STRONG|LF=LOOK_FOR_trend_strong_orderly,STATE_REINFORCEMENT,state_reinforcement,LONG,3016.24,3028.25,3016.11,3019.97,3009.403628921523,8.531382314850854,3026.4663935512244,2992.340864291821,LONDON,UP,0.8104829480430261,TREND_STRONG
XAUUSD.mg,2025-03-19 06:00:00,2025-03-19 06:00:00,ALLOW,STATE=TREND|QL=TREND_STRONG|LF=LOOK_FOR_trend_strong_orderly,STATE_REINFORCEMENT,state_reinforcement,LONG,3036.05,3045.12,3034.05,3044.29,3034.6602699918403,9.07464228707162,3052.8095545659835,3016.510985417697,ASIA,UP,0.9761219792865382,TREND_STRONG
XAUUSD.mg,2025-03-31 08:00:00,2025-03-31 08:00:00,ALLOW,STATE=TREND|QL=TREND_STRONG|LF=LOOK_FOR_trend_strong_orderly,STATE_REINFORCEMENT,state_reinforcement,LONG,3116.23,3127.65,3113.22,3124.33,3099.732972755335,7.482809032977107,3114.698590821289,3084.767354689381,LONDON,UP,0.9462783171521012,TREND_STRONG
XAUUSD.mg,2025-04-11 02:00:00,2025-04-11 02:00:00,ALLOW,STATE=TREND|QL=TREND_STRONG|LF=LOOK_FOR_trend_strong_orderly,STATE_REINFORCEMENT,state_reinforcement,LONG,3188.75,3219.31,3184.83,3206.93,3192.084334963895,24.119615861088917,3240.323566686073,3143.845103241717,ASIA,UP,0.901401720293086,TREND_STRONG
XAUUSD.mg,2025-04-16 02:00:00,2025-04-16 02:00:00,ALLOW,STATE=TREND|QL=TREND_STRONG|LF=LOOK_FOR_trend_strong_orderly,STATE_REINFORCEMENT,state_reinforcement,LONG,3251.62,3274.81,3251.62,3269.93,3250.6064286762544,16.19301067525272,3282.99245002676,3218.220407325749,ASIA,UP,0.9230283911671908,TREND_STRONG
XAUUSD.mg,2025-04-16 04:00:00,2025-04-16 04:00:00,ALLOW,STATE=TREND|QL=TREND_STRONG|LF=LOOK_FOR_trend_strong_orderly,STATE_REINFORCEMENT,state_reinforcement,LONG,3269.89,3281.48,3265.92,3281.26,3255.408080038363,16.28622075338328,3287.9805215451297,3222.8356385315965,ASIA,UP,0.9968602825745712,TREND_STRONG
XAUUSD.mg,2025-04-16 06:00:00,2025-04-16 06:00:00,ALLOW,STATE=TREND|QL=TREND_STRONG|LF=LOOK_FOR_trend_strong_orderly,STATE_REINFORCEMENT,state_reinforcement,LONG,3281.25,3291.55,3269.13,3289.56,3259.2381614763926,16.499927969525576,3292.238017415444,3226.2383055373416,ASIA,UP,0.9751684552033912,TREND_STRONG
XAUUSD.mg,2025-04-16 08:00:00,2025-04-16 08:00:00,ALLOW,STATE=TREND|QL=TREND_STRONG|LF=LOOK_FOR_trend_strong_orderly,STATE_REINFORCEMENT,state_reinforcement,LONG,3289.56,3300.49,3285.84,3300.16,3262.8179418358686,16.71240874848051,3296.24275933283,3229.3931243389075,LONDON,UP,0.9962954647507868,TREND_STRONG
XAUUSD.mg,2025-04-16 10:00:00,2025-04-16 10:00:00,ALLOW,STATE=TREND|QL=TREND_STRONG|LF=LOOK_FOR_trend_strong_orderly,STATE_REINFORCEMENT,state_reinforcement,LONG,3300.04,3317.5,3288.57,3303.32,3266.532069538632,17.017127157089494,3300.566323852812,3232.497815224453,LONDON,UP,0.8663399000848354,TREND_STRONG
XAUUSD.mg,2025-04-16 12:00:00,2025-04-16 12:00:00,ALLOW,STATE=TREND|QL=TREND_STRONG|LF=LOOK_FOR_trend_strong_orderly,STATE_REINFORCEMENT,state_reinforcement,LONG,3303.37,3313.38,3292.86,3306.61,3269.235156173217,17.381703074670966,3303.99856232256,3234.471750023876,LONDON,UP,0.8973513054953355,TREND_STRONG
XAUUSD.mg,2025-04-16 14:00:00,2025-04-16 14:00:00,ALLOW,STATE=TREND|QL=TREND_STRONG|LF=LOOK_FOR_trend_strong_orderly,STATE_REINFORCEMENT,state_reinforcement,LONG,3306.53,3316.29,3296.63,3311.42,3271.4242444593024,17.809522744010955,3307.0432899473244,3235.8051989712803,NY,UP,0.9419182269774558,TREND_STRONG
XAUUSD.mg,2025-04-16 16:00:00,2025-04-16 16:00:00,ALLOW,STATE=TREND|QL=TREND_STRONG|LF=LOOK_FOR_trend_strong_orderly,STATE_REINFORCEMENT,state_reinforcement,LONG,3311.42,3327.92,3305.1,3325.12,3274.2641824293214,18.562494699715455,3311.3891718287523,3237.1391930298905,NY,UP,0.9742196851118664,TREND_STRONG
XAUUSD.mg,2025-04-21 10:00:00,2025-04-21 10:00:00,ALLOW,STATE=TREND|QL=TREND_STRONG|LF=LOOK_FOR_trend_strong_orderly,STATE_REINFORCEMENT,state_reinforcement,LONG,3384.81,3396.87,3383.49,3394.63,3364.84912966208,20.557733390694107,3405.964596443468,3323.733662880692,LONDON,UP,0.9801910152104724,TREND_STRONG
XAUUSD.mg,2025-04-21 12:00:00,2025-04-21 12:00:00,ALLOW,STATE=TREND|QL=TREND_STRONG|LF=LOOK_FOR_trend_strong_orderly,STATE_REINFORCEMENT,state_reinforcement,LONG,3394.69,3405.7,3386.26,3404.22,3367.08946412229,20.941888050161683,3408.973240222613,3325.2056880219666,LONDON,UP,0.987859896645066,TREND_STRONG
XAUUSD.mg,2025-04-21 14:00:00,2025-04-21 14:00:00,ALLOW,STATE=TREND|QL=TREND_STRONG|LF=LOOK_FOR_trend_strong_orderly,STATE_REINFORCEMENT,state_reinforcement,LONG,3404.23,3426.61,3397.89,3420.23,3371.015094389993,21.641261799409584,3414.2976179888124,3327.7325707911737,NY,UP,0.9553283853801982,TREND_STRONG
XAUUSD.mg,2025-04-22 02:00:00,2025-04-22 02:00:00,ALLOW,STATE=TREND|QL=TREND_STRONG|LF=LOOK_FOR_trend_strong_orderly,STATE_REINFORCEMENT,state_reinforcement,LONG,3434.09,3454.77,3412.14,3452.71,3436.156070741278,21.73831150082817,3479.6326937429344,3392.679447739622,ASIA,UP,0.9759317677298756,TREND_STRONG
XAUUSD.mg,2025-04-22 04:00:00,2025-04-22 04:00:00,ALLOW,STATE=TREND|QL=TREND_STRONG|LF=LOOK_FOR_trend_strong_orderly,STATE_REINFORCEMENT,state_reinforcement,LONG,3452.79,3494.6,3442.2,3487.71,3446.964252317047,21.984080249149084,3490.932412815345,3402.996091818749,ASIA,UP,0.9450645830011172,TREND_STRONG
XAUUSD.mg,2025-04-22 08:00:00,2025-04-22 08:00:00,ALLOW,STATE=TREND|QL=TREND_STRONG|LF=LOOK_FOR_trend_strong_orderly,STATE_REINFORCEMENT,state_reinforcement,LONG,3494.18,3499.76,3460.76,3468.4,3454.396538371566,22.268940597319748,3498.934419566205,3409.8586571769265,LONDON,UP,0.7302829620710415,TREND_STRONG
XAUUSD.mg,2025-05-05 16:00:00,2025-05-05 16:00:00,ALLOW,STATE=TREND|QL=TREND_STRONG|LF=LOOK_FOR_trend_strong_orderly,STATE_REINFORCEMENT,state_reinforcement,LONG,3315.26,3328.54,3308.82,3311.77,3274.363633075425,21.49026882212302,3317.344170719671,3231.3830954311798,NY,UP,0.8416430594900853,TREND_STRONG
XAUUSD.mg,2025-05-05 18:00:00,2025-05-05 18:00:00,ALLOW,STATE=TREND|QL=TREND_STRONG|LF=LOOK_FOR_trend_strong_orderly,STATE_REINFORCEMENT,state_reinforcement,LONG,3311.75,3317.95,3305.47,3316.87,3276.95390909195,22.26976541511061,3321.4934399221715,3232.414378261729,NY_PM,UP,0.8882612026043655,TREND_STRONG
XAUUSD.mg,2025-05-05 20:00:00,2025-05-05 20:00:00,ALLOW,STATE=TREND|QL=TREND_STRONG|LF=LOOK_FOR_trend_strong_orderly,STATE_REINFORCEMENT,state_reinforcement,LONG,3316.86,3337.37,3313.68,3328.53,3279.7343852875183,23.40322609525746,3326.540837478033,3232.9279330970035,NY_PM,UP,0.915656902967277,TREND_STRONG
XAUUSD.mg,2025-05-06 02:00:00,2025-05-06 02:00:00,ALLOW,STATE=TREND|QL=TREND_STRONG|LF=LOOK_FOR_trend_strong_orderly,STATE_REINFORCEMENT,state_reinforcement,LONG,3333.65,3381.57,3323.23,3379.41,3351.468418717079,23.746906657987424,3398.962232033054,3303.9746054011043,ASIA,UP,0.983228511530396,TREND_STRONG
XAUUSD.mg,2025-05-06 08:00:00,2025-05-06 08:00:00,ALLOW,STATE=TREND|QL=TREND_STRONG|LF=LOOK_FOR_trend_strong_orderly,STATE_REINFORCEMENT,state_reinforcement,LONG,3361.81,3379.28,3358.45,3370.99,3355.8661807181647,23.84184258388831,3403.549865885941,3308.182495550388,LONDON,UP,0.8726376998869293,TREND_STRONG
XAUUSD.mg,2025-05-06 10:00:00,2025-05-06 10:00:00,ALLOW,STATE=TREND|QL=TREND_STRONG|LF=LOOK_FOR_trend_strong_orderly,STATE_REINFORCEMENT,state_reinforcement,LONG,3371.05,3383.0,3368.35,3382.89,3357.3928266671965,24.10478597750898,3405.6023986222144,3309.1832547121785,LONDON,UP,0.95239266822487,TREND_STRONG
XAUUSD.mg,2025-05-06 12:00:00,2025-05-06 12:00:00,ALLOW,STATE=TREND|QL=TREND_STRONG|LF=LOOK_FOR_trend_strong_orderly,STATE_REINFORCEMENT,state_reinforcement,LONG,3382.92,3384.82,3373.56,3378.92,3358.248215594414,24.249688947935187,3406.7475934902845,3309.7488376985434,LONDON,UP,0.903555172837986,TREND_STRONG
XAUUSD.mg,2025-05-06 14:00:00,2025-05-06 14:00:00,ALLOW,STATE=TREND|QL=TREND_STRONG|LF=LOOK_FOR_trend_strong_orderly,STATE_REINFORCEMENT,state_reinforcement,LONG,3378.96,3397.29,3372.99,3391.62,3360.098090780162,24.11067336240369,3408.3194375049693,3311.8767440553543,NY,UP,0.9382487475495528,TREND_STRONG
XAUUSD.mg,2025-05-06 20:00:00,2025-05-06 20:00:00,ALLOW,STATE=TREND|QL=TREND_STRONG|LF=LOOK_FOR_trend_strong_orderly,STATE_REINFORCEMENT,state_reinforcement,LONG,3413.76,3423.85,3410.08,3422.89,3366.9879320410964,25.835603367100397,3418.6591387752974,3315.3167253068955,NY_PM,UP,0.9904591532498506,TREND_STRONG
XAUUSD.mg,2025-05-20 18:00:00,2025-05-20 18:00:00,ALLOW,STATE=TREND|QL=TREND_STRONG|LF=LOOK_FOR_trend_strong_orderly,STATE_REINFORCEMENT,state_reinforcement,LONG,3277.06,3287.67,3275.05,3286.29,3235.406644759805,25.992019831474103,3287.3906844227536,3183.422605096857,NY_PM,UP,0.983423423423422,TREND_STRONG
XAUUSD.mg,2025-05-20 20:00:00,2025-05-20 20:00:00,ALLOW,STATE=TREND|QL=TREND_STRONG|LF=LOOK_FOR_trend_strong_orderly,STATE_REINFORCEMENT,state_reinforcement,LONG,3286.31,3294.92,3284.02,3293.89,3239.150955335037,26.39198289198213,3291.934921119001,3186.3669895510734,NY_PM,UP,0.9886187845303844,TREND_STRONG
XAUUSD.mg,2025-05-21 04:00:00,2025-05-21 04:00:00,ALLOW,STATE=TREND|QL=TREND_STRONG|LF=LOOK_FOR_trend_strong_orderly,STATE_REINFORCEMENT,state_reinforcement,LONG,3294.26,3309.48,3289.16,3307.31,3298.2500770114943,24.932229743252176,3348.114536497999,3248.38561752499,ASIA,UP,0.9341216216216216,TREND_STRONG
XAUUSD.mg,2025-05-21 06:00:00,2025-05-21 06:00:00,ALLOW,STATE=TREND|QL=TREND_STRONG|LF=LOOK_FOR_trend_strong_orderly,STATE_REINFORCEMENT,state_reinforcement,LONG,3307.27,3319.4,3298.22,3316.14,3300.5398268873496,24.960075528522992,3350.459977944396,3250.6196758303035,ASIA,UP,0.9707963809011896,TREND_STRONG
XAUUSD.mg,2025-05-21 16:00:00,2025-05-21 16:00:00,ALLOW,STATE=TREND|QL=TREND_STRONG|LF=LOOK_FOR_trend_prev_vwap_pullback,STATE_REINFORCEMENT,state_reinforcement,LONG,3303.44,3314.97,3295.04,3311.7,3303.2162195622554,23.715389331160285,3350.646998224576,3255.7854408999347,NY,UP,0.8088722136393661,TREND_STRONG
XAUUSD.mg,2025-05-22 02:00:00,2025-05-22 02:00:00,ALLOW,STATE=TREND|QL=TREND_STRONG|LF=LOOK_FOR_trend_strong_orderly,STATE_REINFORCEMENT,state_reinforcement,LONG,3320.08,3342.69,3319.22,3337.83,3325.967256594724,19.789649719461178,3365.546556033646,3286.387957155802,ASIA,UP,0.9092097889034166,TREND_STRONG
XAUUSD.mg,2025-05-23 18:00:00,2025-05-23 18:00:00,ALLOW,STATE=TREND|QL=TREND_STRONG|LF=LOOK_FOR_trend_strong_orderly,STATE_REINFORCEMENT,state_reinforcement,LONG,3361.42,3365.66,3356.13,3362.46,3322.111665140488,19.205227115270063,3360.522119371028,3283.7012109099483,NY_PM,UP,0.9593702386998498,TREND_STRONG
XAUUSD.mg,2025-05-23 20:00:00,2025-05-23 20:00:00,ALLOW,STATE=TREND|QL=TREND_STRONG|LF=LOOK_FOR_trend_strong_orderly,STATE_REINFORCEMENT,state_reinforcement,LONG,3362.46,3365.61,3358.01,3360.45,3324.1544028051835,19.60634247691403,3363.367087759012,3284.9417178513554,NY_PM,UP,0.9338496698831888,TREND_STRONG
XAUUSD.mg,2025-06-12 02:00:00,2025-06-12 02:00:00,ALLOW,STATE=TREND|QL=TREND_STRONG|LF=LOOK_FOR_trend_strong_orderly,STATE_REINFORCEMENT,state_reinforcement,LONG,3365.57,3376.61,3362.0,3370.79,3362.10219013953,11.83217950652812,3385.7665491525863,3338.437831126474,ASIA,UP,0.898694516971277,TREND_STRONG
XAUUSD.mg,2025-06-12 06:00:00,2025-06-12 06:00:00,ALLOW,STATE=TREND|QL=TREND_STRONG|LF=LOOK_FOR_trend_strong_orderly,STATE_REINFORCEMENT,state_reinforcement,LONG,3373.3,3375.63,3367.61,3374.27,3364.099229657234,11.929772683355957,3387.9587750239457,3340.2396842905223,ASIA,UP,0.9435028248587544,TREND_STRONG
XAUUSD.mg,2025-06-13 18:00:00,2025-06-13 18:00:00,ALLOW,STATE=TREND|QL=TREND_STRONG|LF=LOOK_FOR_trend_strong_orderly,STATE_REINFORCEMENT,state_reinforcement,LONG,3426.09,3433.19,3419.03,3430.15,3415.271074031381,9.166868362361043,3433.6048107561032,3396.9373373066587,NY_PM,UP,0.7559008066925637,TREND_STRONG
XAUUSD.mg,2025-06-13 20:00:00,2025-06-13 20:00:00,ALLOW,STATE=TREND|QL=TREND_STRONG|LF=LOOK_FOR_trend_strong_orderly,STATE_REINFORCEMENT,state_reinforcement,LONG,3430.16,3439.27,3428.46,3432.1,3415.666817511683,9.16996356341801,3434.0067446385187,3397.326890384847,NY_PM,UP,0.7850313713773535,TREND_STRONG
XAUUSD.mg,2025-07-01 04:00:00,2025-07-01 04:00:00,ALLOW,STATE=TREND|QL=TREND_STRONG|LF=LOOK_FOR_trend_strong_orderly,STATE_REINFORCEMENT,state_reinforcement,LONG,3317.45,3322.43,3314.21,3320.87,3312.196420760454,13.318104094053083,3338.8326289485603,3285.560212572348,ASIA,UP,0.9675743088754946,TREND_STRONG
XAUUSD.mg,2025-07-01 06:00:00,2025-07-01 06:00:00,ALLOW,STATE=TREND|QL=TREND_STRONG|LF=LOOK_FOR_trend_strong_orderly,STATE_REINFORCEMENT,state_reinforcement,LONG,3320.87,3332.07,3318.7,3328.5,3314.40506134299,13.43966235974743,3341.284386062485,3287.525736623495,ASIA,UP,0.9381818181818152,TREND_STRONG
XAUUSD.mg,2025-07-01 08:00:00,2025-07-01 08:00:00,ALLOW,STATE=TREND|QL=TREND_STRONG|LF=LOOK_FOR_trend_strong_orderly,STATE_REINFORCEMENT,state_reinforcement,LONG,3328.49,3339.64,3324.84,3339.29,3318.252171992162,13.801235637547457,3345.854643267257,3290.649700717067,LONDON,UP,0.994641763625231,TREND_STRONG
XAUUSD.mg,2025-07-01 10:00:00,2025-07-01 10:00:00,ALLOW,STATE=TREND|QL=TREND_STRONG|LF=LOOK_FOR_trend_strong_orderly,STATE_REINFORCEMENT,state_reinforcement,LONG,3339.24,3347.84,3336.58,3345.55,3321.4273172664066,14.233365294719892,3349.8940478558466,3292.9605866769666,LONDON,UP,0.968852013057672,TREND_STRONG
XAUUSD.mg,2025-07-01 12:00:00,2025-07-01 12:00:00,ALLOW,STATE=TREND|QL=TREND_STRONG|LF=LOOK_FOR_trend_strong_orderly,STATE_REINFORCEMENT,state_reinforcement,LONG,3345.56,3352.77,3344.21,3348.8,3323.915823622656,14.6724049094628,3353.2606334415814,3294.5710138037302,LONDON,UP,0.9470525473459616,TREND_STRONG
XAUUSD.mg,2025-07-01 14:00:00,2025-07-01 14:00:00,ALLOW,STATE=TREND|QL=TREND_STRONG|LF=LOOK_FOR_trend_strong_orderly,STATE_REINFORCEMENT,state_reinforcement,LONG,3348.8,3357.79,3344.33,3351.54,3326.552430001978,15.081513996630656,3356.7154579952394,3296.3894020087164,NY,UP,0.9206550717278152,TREND_STRONG
XAUUSD.mg,2025-07-01 16:00:00,2025-07-01 16:00:00,ALLOW,STATE=TREND|QL=TREND_STRONG|LF=LOOK_FOR_trend_strong_orderly,STATE_REINFORCEMENT,state_reinforcement,LONG,3351.28,3354.2,3336.82,3340.02,3327.6832416080665,15.145187209658566,3357.973616027384,3297.3928671887493,NY,UP,0.7418651946542716,TREND_STRONG
XAUUSD.mg,2025-07-01 18:00:00,2025-07-01 18:00:00,ALLOW,STATE=TREND|QL=TREND_STRONG|LF=LOOK_FOR_trend_strong_orderly,STATE_REINFORCEMENT,state_reinforcement,LONG,3340.03,3343.26,3336.72,3339.46,3328.4629387358423,15.08714381261486,3358.637226361072,3298.2886511106126,NY_PM,UP,0.7195103289977054,TREND_STRONG
XAUUSD.mg,2025-07-14 08:00:00,2025-07-14 08:00:00,ALLOW,STATE=TREND|QL=TREND_STRONG|LF=LOOK_FOR_trend_strong_orderly,STATE_REINFORCEMENT,state_reinforcement,LONG,3357.46,3374.74,3356.46,3371.71,3363.7879420566373,10.149525019487037,3384.0869920956115,3343.488892017663,LONDON,UP,0.928011404134004,TREND_STRONG
XAUUSD.mg,2025-07-16 08:00:00,2025-07-16 08:00:00,ALLOW,STATE=TREND|QL=TREND_STRONG|LF=LOOK_FOR_trend_strong_orderly,STATE_REINFORCEMENT,state_reinforcement,LONG,3337.79,3341.82,3335.76,3337.59,3331.675653070536,9.310966445750465,3350.297585962037,3313.0537201790357,LONDON,UP,0.3813559322033939,TREND_STRONG
XAUUSD.mg,2025-07-16 10:00:00,2025-07-16 10:00:00,ALLOW,STATE=TREND|QL=TREND_STRONG|LF=LOOK_FOR_trend_strong_orderly,STATE_REINFORCEMENT,state_reinforcement,LONG,3337.71,3342.83,3337.5,3339.78,3332.458139629084,9.347225872442872,3351.152591373969,3313.763687884198,LONDON,UP,0.428943937418519,TREND_STRONG
XAUUSD.mg,2025-07-18 16:00:00,2025-07-18 16:00:00,ALLOW,STATE=TREND|QL=TREND_STRONG|LF=LOOK_FOR_trend_strong_orderly,STATE_REINFORCEMENT,state_reinforcement,LONG,3356.18,3358.83,3351.01,3353.44,3344.847914705755,9.57478311575837,3363.997480937272,3325.698348474238,NY,UP,0.741019500513166,TREND_STRONG
XAUUSD.mg,2025-07-18 18:00:00,2025-07-18 18:00:00,ALLOW,STATE=TREND|QL=TREND_STRONG|LF=LOOK_FOR_trend_strong_orderly,STATE_REINFORCEMENT,state_reinforcement,LONG,3353.44,3357.21,3350.29,3352.02,3345.366822706336,9.563086632974308,3364.4929959722845,3326.240649440387,NY_PM,UP,0.6924392747177478,TREND_STRONG
XAUUSD.mg,2025-07-22 20:00:00,2025-07-22 20:00:00,ALLOW,STATE=TREND|QL=TREND_STRONG|LF=LOOK_FOR_trend_strong_orderly,STATE_REINFORCEMENT,state_reinforcement,LONG,3429.09,3432.23,3427.67,3431.34,3403.7085768094385,12.004667525064768,3427.717911859568,3379.6992417593087,NY_PM,UP,0.9628816603472424,TREND_STRONG
XAUUSD.mg,2025-07-23 02:00:00,2025-07-23 02:00:00,ALLOW,STATE=TREND|QL=TREND_STRONG|LF=LOOK_FOR_trend_strong_orderly,STATE_REINFORCEMENT,state_reinforcement,LONG,3427.19,3438.69,3420.8,3420.87,3427.8824195946736,12.038925790196204,3451.960271175066,3403.8045680142814,ASIA,UP,0.6794964028776944,TREND_STRONG
XAUUSD.mg,2025-08-01 18:00:00,2025-08-01 18:00:00,ALLOW,STATE=TREND|QL=TREND_STRONG|LF=LOOK_FOR_trend_strong_orderly,STATE_REINFORCEMENT,state_reinforcement,LONG,3348.37,3349.23,3340.36,3347.98,3309.414557160604,14.995046479918768,3339.4046501204416,3279.4244642007666,NY_PM,UP,0.9070718081482472,TREND_STRONG
XAUUSD.mg,2025-08-01 20:00:00,2025-08-01 20:00:00,ALLOW,STATE=TREND|QL=TREND_STRONG|LF=LOOK_FOR_trend_strong_orderly,STATE_REINFORCEMENT,state_reinforcement,LONG,3348.02,3361.03,3345.74,3357.02,3312.836367714396,15.88836525525483,3344.613098224906,3281.0596372038863,NY_PM,UP,0.949635769907056,TREND_STRONG
XAUUSD.mg,2025-08-20 18:00:00,2025-08-20 18:00:00,ALLOW,STATE=TREND|QL=TREND_STRONG|LF=LOOK_FOR_trend_strong_orderly,STATE_REINFORCEMENT,state_reinforcement,LONG,3340.5,3347.88,3340.47,3346.67,3325.4235155927663,8.892571484894118,3343.2086585625543,3307.6383726229783,NY_PM,UP,0.91627786417833,TREND_STRONG
XAUUSD.mg,2025-08-20 20:00:00,2025-08-20 20:00:00,ALLOW,STATE=TREND|QL=TREND_STRONG|LF=LOOK_FOR_trend_strong_orderly,STATE_REINFORCEMENT,state_reinforcement,LONG,3346.7,3349.0,3343.75,3348.48,3326.723136177592,9.01484684324704,3344.7528298640864,3308.693442491098,NY_PM,UP,0.9631933644375305,TREND_STRONG
XAUUSD.mg,2025-08-28 16:00:00,2025-08-28 16:00:00,ALLOW,STATE=TREND|QL=TREND_STRONG|LF=LOOK_FOR_trend_strong_orderly,STATE_REINFORCEMENT,state_reinforcement,LONG,3406.99,3413.28,3404.15,3410.69,3396.140888348119,9.19818477978199,3414.537257907683,3377.744518788555,NY,UP,0.9105044920525176,TREND_STRONG
XAUUSD.mg,2025-08-28 18:00:00,2025-08-28 18:00:00,ALLOW,STATE=TREND|QL=TREND_STRONG|LF=LOOK_FOR_trend_strong_orderly,STATE_REINFORCEMENT,state_reinforcement,LONG,3410.7,3418.52,3409.64,3417.71,3397.663406541496,9.4562725815944,3416.575951704685,3378.750861378307,NY_PM,UP,0.9763019309537756,TREND_STRONG
XAUUSD.mg,2025-08-28 20:00:00,2025-08-28 20:00:00,ALLOW,STATE=TREND|QL=TREND_STRONG|LF=LOOK_FOR_trend_strong_orderly,STATE_REINFORCEMENT,state_reinforcement,LONG,3417.71,3422.85,3417.09,3421.69,3399.1517085429164,9.120059024376296,3417.391826591669,3380.911590494164,NY_PM,UP,0.969877953778243,TREND_STRONG
XAUUSD.mg,2025-08-29 20:00:00,2025-08-29 20:00:00,ALLOW,STATE=TREND|QL=TREND_STRONG|LF=LOOK_FOR_trend_strong_orderly,STATE_REINFORCEMENT,state_reinforcement,LONG,3443.62,3453.58,3440.85,3452.37,3422.387170313042,9.757023211236412,3441.901216735515,3402.8731238905693,NY_PM,UP,0.9755011135857452,TREND_STRONG
XAUUSD.mg,2025-09-05 18:00:00,2025-09-05 18:00:00,ALLOW,STATE=TREND|QL=TREND_STRONG|LF=LOOK_FOR_trend_strong_orderly,STATE_REINFORCEMENT,state_reinforcement,LONG,3591.75,3599.83,3590.24,3596.21,3562.67937449646,14.076326325397934,3590.832027147256,3534.5267218456643,NY_PM,UP,0.9397269397269414,TREND_STRONG
XAUUSD.mg,2025-09-05 20:00:00,2025-09-05 20:00:00,ALLOW,STATE=TREND|QL=TREND_STRONG|LF=LOOK_FOR_trend_strong_orderly,STATE_REINFORCEMENT,state_reinforcement,LONG,3596.32,3597.12,3592.33,3594.37,3564.6868942234955,14.436407517173096,3593.559709257842,3535.814079189149,NY_PM,UP,0.9090909090909084,TREND_STRONG
XAUUSD.mg,2025-09-08 16:00:00,2025-09-08 16:00:00,ALLOW,STATE=TREND|QL=TREND_STRONG|LF=LOOK_FOR_trend_strong_orderly,STATE_REINFORCEMENT,state_reinforcement,LONG,3633.23,3646.11,3628.7,3639.1,3602.448154648176,15.3970868841175,3633.242328416411,3571.653980879941,NY,UP,0.8948237059264785,TREND_STRONG
XAUUSD.mg,2025-09-08 18:00:00,2025-09-08 18:00:00,ALLOW,STATE=TREND|QL=TREND_STRONG|LF=LOOK_FOR_trend_strong_orderly,STATE_REINFORCEMENT,state_reinforcement,LONG,3639.12,3641.48,3632.4,3633.24,3604.578721455115,15.595744349041595,3635.770210153198,3573.387232757032,NY_PM,UP,0.806901725431353,TREND_STRONG
XAUUSD.mg,2025-09-08 20:00:00,2025-09-08 20:00:00,ALLOW,STATE=TREND|QL=TREND_STRONG|LF=LOOK_FOR_trend_strong_orderly,STATE_REINFORCEMENT,state_reinforcement,LONG,3633.28,3637.36,3631.74,3636.24,3606.349018910083,15.616080251028835,3637.581179412141,3575.1168584080256,NY_PM,UP,0.8519129782445561,TREND_STRONG
XAUUSD.mg,2025-09-09 02:00:00,2025-09-09 02:00:00,ALLOW,STATE=TREND|QL=TREND_STRONG|LF=LOOK_FOR_trend_strong_orderly,STATE_REINFORCEMENT,state_reinforcement,LONG,3634.75,3647.2,3633.31,3646.18,3638.0244379710366,14.475691215917076,3666.975820402871,3609.0730555392015,ASIA,UP,0.9849424269264838,TREND_STRONG
XAUUSD.mg,2025-09-12 14:00:00,2025-09-12 14:00:00,ALLOW,STATE=TREND|QL=TREND_STRONG|LF=LOOK_FOR_trend_strong_orderly,STATE_REINFORCEMENT,state_reinforcement,LONG,3646.94,3652.3,3638.07,3650.23,3644.032985477653,11.666864266554583,3667.366714010762,3620.699256944544,NY,UP,0.7982889108259281,TREND_STRONG
XAUUSD.mg,2025-09-15 18:00:00,2025-09-15 18:00:00,ALLOW,STATE=TREND|QL=TREND_STRONG|LF=LOOK_FOR_trend_strong_orderly,STATE_REINFORCEMENT,state_reinforcement,LONG,3680.35,3685.32,3674.56,3681.48,3646.741460477201,10.090215948638171,3666.9218923744775,3626.561028579925,NY_PM,UP,0.9349042210544138,TREND_STRONG
XAUUSD.mg,2025-09-15 20:00:00,2025-09-15 20:00:00,ALLOW,STATE=TREND|QL=TREND_STRONG|LF=LOOK_FOR_trend_strong_orderly,STATE_REINFORCEMENT,state_reinforcement,LONG,3681.48,3682.53,3675.65,3680.75,3648.841816798491,10.848376716627127,3670.538570231746,3627.145063365237,NY_PM,UP,0.9225292422444458,TREND_STRONG
XAUUSD.mg,2025-09-19 18:00:00,2025-09-19 18:00:00,ALLOW,STATE=TREND|QL=TREND_STRONG|LF=LOOK_FOR_trend_strong_orderly,STATE_REINFORCEMENT,state_reinforcement,LONG,3671.55,3679.2,3666.44,3678.5,3651.598451447411,12.354397809661856,3676.307247066735,3626.889655828088,NY_PM,UP,0.9851411589896024,TREND_STRONG
XAUUSD.mg,2025-09-19 20:00:00,2025-09-19 20:00:00,ALLOW,STATE=TREND|QL=TREND_STRONG|LF=LOOK_FOR_trend_strong_orderly,STATE_REINFORCEMENT,state_reinforcement,LONG,3678.53,3684.97,3677.89,3684.23,3653.4499024571846,12.06075246183518,3677.571407380855,3629.3283975335135,NY_PM,UP,0.9860060514372204,TREND_STRONG
XAUUSD.mg,2025-09-22 18:00:00,2025-09-22 18:00:00,ALLOW,STATE=TREND|QL=TREND_STRONG|LF=LOOK_FOR_trend_strong_orderly,STATE_REINFORCEMENT,state_reinforcement,LONG,3735.88,3747.13,3735.02,3746.39,3707.21884394016,13.190517524112131,3733.5998789883847,3680.837808891936,NY_PM,UP,0.9893125361062935,TREND_STRONG
XAUUSD.mg,2025-09-22 20:00:00,2025-09-22 20:00:00,ALLOW,STATE=TREND|QL=TREND_STRONG|LF=LOOK_FOR_trend_strong_orderly,STATE_REINFORCEMENT,state_reinforcement,LONG,3746.38,3748.53,3742.22,3747.39,3709.409769516492,14.02803568479716,3737.465840886086,3681.353698146897,NY_PM,UP,0.9832204886664656,TREND_STRONG
XAUUSD.mg,2025-09-26 18:00:00,2025-09-26 18:00:00,ALLOW,STATE=TREND|QL=TREND_STRONG|LF=LOOK_FOR_trend_strong_orderly,STATE_REINFORCEMENT,state_reinforcement,LONG,3780.2,3782.88,3771.21,3782.68,3751.674864442867,14.788774829655994,3781.252414102179,3722.0973147835552,NY_PM,UP,0.9819618970409338,TREND_STRONG
XAUUSD.mg,2025-09-29 10:00:00,2025-09-29 10:00:00,ALLOW,STATE=TREND|QL=TREND_STRONG|LF=LOOK_FOR_trend_strong_orderly,STATE_REINFORCEMENT,state_reinforcement,LONG,3806.46,3819.42,3806.46,3807.25,3787.78354682226,13.607473060815568,3814.998492943891,3760.568600700629,LONDON,UP,0.8394322177366853,TREND_STRONG
XAUUSD.mg,2025-09-29 12:00:00,2025-09-29 12:00:00,ALLOW,STATE=TREND|QL=TREND_STRONG|LF=LOOK_FOR_trend_strong_orderly,STATE_REINFORCEMENT,state_reinforcement,LONG,3807.23,3831.11,3806.3,3828.68,3790.752707384165,14.35064968465626,3819.4540067534776,3762.0514080148528,LONDON,UP,0.9713003425061972,TREND_STRONG
XAUUSD.mg,2025-09-30 06:00:00,2025-09-30 06:00:00,ALLOW,STATE=TREND|QL=TREND_STRONG|LF=LOOK_FOR_trend_strong_orderly,STATE_REINFORCEMENT,state_reinforcement,LONG,3864.47,3870.26,3861.83,3869.62,3846.7034798190352,15.08918152464582,3876.881842868327,3816.525116769744,ASIA,UP,0.99022602321319,TREND_STRONG
XAUUSD.mg,2025-10-14 02:00:00,2025-10-14 02:00:00,ALLOW,STATE=TREND|QL=TREND_STRONG|LF=LOOK_FOR_trend_prev_vwap_pullback,STATE_REINFORCEMENT,state_reinforcement,LONG,4127.72,4149.58,4119.45,4136.96,4126.196443027543,21.564684854597036,4169.325812736737,4083.067073318349,ASIA,UP,0.8832130297982612,TREND_STRONG
XAUUSD.mg,2025-10-14 04:00:00,2025-10-14 04:00:00,ALLOW,STATE=TREND|QL=TREND_STRONG|LF=LOOK_FOR_trend_strong_orderly,STATE_REINFORCEMENT,state_reinforcement,LONG,4136.97,4166.09,4136.75,4162.83,4133.27725083908,21.695888360179083,4176.669027559438,4089.8854741187215,ASIA,UP,0.971713665943599,TREND_STRONG
XAUUSD.mg,2025-10-16 18:00:00,2025-10-16 18:00:00,ALLOW,STATE=TREND|QL=TREND_STRONG|LF=LOOK_FOR_trend_strong_orderly,STATE_REINFORCEMENT,state_reinforcement,LONG,4273.27,4298.53,4261.22,4293.65,4231.374040327367,17.367638899161857,4266.10931812569,4196.638762529044,NY_PM,UP,0.9528547966380048,TREND_STRONG
XAUUSD.mg,2025-10-16 20:00:00,2025-10-16 20:00:00,ALLOW,STATE=TREND|QL=TREND_STRONG|LF=LOOK_FOR_trend_strong_orderly,STATE_REINFORCEMENT,state_reinforcement,LONG,4293.62,4312.66,4273.18,4307.28,4235.74731965299,18.884466625354364,4273.516252903699,4197.978386402281,NY_PM,UP,0.9524524966858142,TREND_STRONG
XAUUSD.mg,2025-10-17 00:00:00,2025-10-17 00:00:00,ALLOW,STATE=TREND|QL=TREND_STRONG|LF=LOOK_FOR_trend_strong_orderly,STATE_REINFORCEMENT,state_reinforcement,LONG,4336.2,4379.02,4332.37,4365.56,4343.6398386346,18.934111807151503,4381.508062248903,4305.771615020297,ASIA,UP,0.923365975859713,TREND_STRONG
XAUUSD.mg,2025-10-20 18:00:00,2025-10-20 18:00:00,ALLOW,STATE=TREND|QL=TREND_STRONG|LF=LOOK_FOR_trend_strong_orderly,STATE_REINFORCEMENT,state_reinforcement,LONG,4348.87,4350.89,4337.14,4347.18,4267.493309689856,35.92270999026896,4339.338729670394,4195.6478897093175,NY_PM,UP,0.9506063294883204,TREND_STRONG
XAUUSD.mg,2025-10-20 20:00:00,2025-10-20 20:00:00,ALLOW,STATE=TREND|QL=TREND_STRONG|LF=LOOK_FOR_trend_strong_orderly,STATE_REINFORCEMENT,state_reinforcement,LONG,4347.32,4381.12,4344.63,4377.63,4273.445640122412,38.22545544773681,4349.896551017886,4196.994729226939,NY_PM,UP,0.9793368857312033,TREND_STRONG
XAUUSD.mg,2025-11-06 12:00:00,2025-11-06 12:00:00,ALLOW,STATE=TREND|QL=TREND_STRONG|LF=LOOK_FOR_trend_strong_orderly,STATE_REINFORCEMENT,state_reinforcement,LONG,4010.77,4019.21,4004.21,4017.96,3987.34363683061,16.983784667237522,4021.311206165086,3953.376067496136,LONDON,UP,0.9781468531468532,TREND_STRONG
XAUUSD.mg,2025-11-12 20:00:00,2025-11-12 20:00:00,ALLOW,STATE=TREND|QL=TREND_STRONG|LF=LOOK_FOR_trend_strong_orderly,STATE_REINFORCEMENT,state_reinforcement,LONG,4199.31,4211.47,4190.49,4197.21,4139.068619940011,20.529670692566203,4180.127961325143,4098.009278554879,NY_PM,UP,0.8735703519815566,TREND_STRONG
XAUUSD.mg,2025-11-19 10:00:00,2025-11-19 10:00:00,ALLOW,STATE=TREND|QL=TREND_STRONG|LF=LOOK_FOR_trend_strong_orderly,STATE_REINFORCEMENT,state_reinforcement,LONG,4086.64,4116.07,4078.14,4113.11,4077.514615806442,29.667405791422983,4136.849427389288,4018.179804223597,LONDON,UP,0.9659965537047668,TREND_STRONG
XAUUSD.mg,2025-11-25 00:00:00,2025-11-25 00:00:00,ALLOW,STATE=TREND|QL=TREND_STRONG|LF=LOOK_FOR_trend_strong_orderly,STATE_REINFORCEMENT,state_reinforcement,LONG,4133.73,4144.09,4125.03,4143.59,4131.488333333335,17.322527205295316,4166.133387743926,4096.843278922744,ASIA,UP,0.9952015355086372,TREND_STRONG
XAUUSD.mg,2025-11-25 04:00:00,2025-11-25 04:00:00,ALLOW,STATE=TREND|QL=TREND_STRONG|LF=LOOK_FOR_trend_prev_vwap_pullback,STATE_REINFORCEMENT,state_reinforcement,LONG,4134.46,4155.5,4132.63,4143.03,4134.280425530656,17.316139436486782,4168.9127044036295,4099.6481466576815,ASIA,UP,0.8921373583600014,TREND_STRONG
XAUUSD.mg,2025-11-25 06:00:00,2025-11-25 06:00:00,ALLOW,STATE=TREND|QL=TREND_STRONG|LF=LOOK_FOR_trend_strong_orderly,STATE_REINFORCEMENT,state_reinforcement,LONG,4143.02,4151.68,4139.18,4150.88,4136.128363679388,17.261217366246097,4170.65079841188,4101.605928946896,ASIA,UP,0.958064808931652,TREND_STRONG
XAUUSD.mg,2025-11-28 20:00:00,2025-11-28 20:00:00,ALLOW,STATE=TREND|QL=TREND_STRONG|LF=LOOK_FOR_trend_strong_orderly,STATE_REINFORCEMENT,state_reinforcement,LONG,4216.69,4226.67,4210.89,4218.94,4182.542848650386,13.08310393443648,4208.709056519259,4156.376640781513,NY_PM,UP,0.8951153324287586,TREND_STRONG
XAUUSD.mg,2025-12-01 02:00:00,2025-12-01 02:00:00,ALLOW,STATE=TREND|QL=TREND_STRONG|LF=LOOK_FOR_trend_strong_orderly,STATE_REINFORCEMENT,state_reinforcement,LONG,4221.83,4255.91,4218.04,4255.39,4233.851720552089,12.521690507348175,4258.895101566785,4208.808339537393,ASIA,UP,0.994948513697304,TREND_STRONG
XAUUSD.mg,2025-12-05 14:00:00,2025-12-05 14:00:00,ALLOW,STATE=TREND|QL=TREND_STRONG|LF=LOOK_FOR_trend_strong_orderly,STATE_REINFORCEMENT,state_reinforcement,LONG,4223.41,4238.77,4221.3,4234.33,4212.513941734418,12.288563356857678,4237.091068448133,4187.936815020703,NY,UP,0.9066442388561716,TREND_STRONG
XAUUSD.mg,2025-12-05 16:00:00,2025-12-05 16:00:00,ALLOW,STATE=TREND|QL=TREND_STRONG|LF=LOOK_FOR_trend_strong_orderly,STATE_REINFORCEMENT,state_reinforcement,LONG,4234.37,4259.11,4228.26,4243.43,4215.783098621984,12.618231816432433,4241.019562254849,4190.546634989119,NY,UP,0.7570875290472571,TREND_STRONG
XAUUSD.mg,2025-12-22 06:00:00,2025-12-22 06:00:00,ALLOW,STATE=TREND|QL=TREND_STRONG|LF=LOOK_FOR_trend_strong_orderly,STATE_REINFORCEMENT,state_reinforcement,LONG,4392.51,4409.28,4391.19,4399.89,4372.858427436218,11.589809746315904,4396.03804692885,4349.678807943586,ASIA,UP,0.8953293947163147,TREND_STRONG
XAUUSD.mg,2025-12-22 08:00:00,2025-12-22 08:00:00,ALLOW,STATE=TREND|QL=TREND_STRONG|LF=LOOK_FOR_trend_strong_orderly,STATE_REINFORCEMENT,state_reinforcement,LONG,4400.07,4420.26,4398.61,4414.17,4377.012452213659,12.31875850771436,4401.649969229088,4352.374935198231,LONDON,UP,0.9395173304201002,TREND_STRONG
XAUUSD.mg,2025-12-22 10:00:00,2025-12-22 10:00:00,ALLOW,STATE=TREND|QL=TREND_STRONG|LF=LOOK_FOR_trend_strong_orderly,STATE_REINFORCEMENT,state_reinforcement,LONG,4414.17,4414.78,4405.99,4410.87,4379.393193543937,12.550295135916793,4404.49378381577,4354.292603272103,LONDON,UP,0.9067434700566066,TREND_STRONG
XAUUSD.mg,2025-12-22 12:00:00,2025-12-22 12:00:00,ALLOW,STATE=TREND|QL=TREND_STRONG|LF=LOOK_FOR_trend_strong_orderly,STATE_REINFORCEMENT,state_reinforcement,LONG,4410.9,4415.55,4405.95,4410.17,4380.981790992803,12.779775283080754,4406.541341558965,4355.422240426642,LONDON,UP,0.8997914390704133,TREND_STRONG
XAUUSD.mg,2025-12-22 14:00:00,2025-12-22 14:00:00,ALLOW,STATE=TREND|QL=TREND_STRONG|LF=LOOK_FOR_trend_strong_orderly,STATE_REINFORCEMENT,state_reinforcement,LONG,4410.17,4427.13,4406.02,4423.47,4383.265394572185,13.241280784346154,4409.747956140877,4356.782833003493,NY,UP,0.9659724804760148,TREND_STRONG
XAUUSD.mg,2025-12-22 16:00:00,2025-12-22 16:00:00,ALLOW,STATE=TREND|QL=TREND_STRONG|LF=LOOK_FOR_trend_strong_orderly,STATE_REINFORCEMENT,state_reinforcement,LONG,4423.68,4435.42,4411.99,4431.68,4386.294670535723,13.828169364079953,4413.951009263883,4358.638331807562,NY,UP,0.962003454231436,TREND_STRONG
XAUUSD.mg,2025-12-22 18:00:00,2025-12-22 18:00:00,ALLOW,STATE=TREND|QL=TREND_STRONG|LF=LOOK_FOR_trend_strong_orderly,STATE_REINFORCEMENT,state_reinforcement,LONG,4431.6,4441.97,4427.99,4438.31,4389.088195878211,14.951072601126482,4418.990341080464,4359.186050675959,NY_PM,UP,0.9651362164221772,TREND_STRONG
XAUUSD.mg,2025-12-23 12:00:00,2025-12-23 12:00:00,ALLOW,STATE=TREND|QL=TREND_STRONG|LF=LOOK_FOR_trend_strong_orderly,STATE_REINFORCEMENT,state_reinforcement,LONG,4480.22,4494.0,4479.33,4493.35,4467.786175785337,15.908901436008474,4499.603978657354,4435.96837291332,LONDON,UP,0.9541134054408408,TREND_STRONG
