symbol,setup_family,baseline_id,episode_id,intent_side,entry_ts,horizon_bars,is_virtual_pair
US500.spot.mg,balance_stability,BALANCE_STABILITY,1,LONG,2023-01-04 22:00:00,10,True
US500.spot.mg,balance_stability,BALANCE_STABILITY,1,SHORT,2023-01-04 22:00:00,10,True
US500.spot.mg,transition_resolution,TRANSITION_RESOLUTION,2,LONG,2023-01-11 10:00:00,16,False
US500.spot.mg,balance_stability,BALANCE_STABILITY,3,LONG,2023-01-18 00:00:00,10,True
US500.spot.mg,balance_stability,BALANCE_STABILITY,3,SHORT,2023-01-18 00:00:00,10,True
US500.spot.mg,transition_resolution,TRANSITION_RESOLUTION,4,SHORT,2023-01-18 12:00:00,16,False
US500.spot.mg,state_reinforcement,STATE_REINFORCEMENT,5,SHORT,2023-01-19 02:00:00,16,False
US500.spot.mg,balance_stability,BALANCE_STABILITY,6,LONG,2023-01-20 00:00:00,10,True
US500.spot.mg,balance_stability,BALANCE_STABILITY,6,SHORT,2023-01-20 00:00:00,10,True
US500.spot.mg,transition_resolution,TRANSITION_RESOLUTION,7,LONG,2023-01-20 12:00:00,16,False
US500.spot.mg,state_reinforcement,STATE_REINFORCEMENT,8,LONG,2023-01-26 04:00:00,16,False
US500.spot.mg,balance_stability,BALANCE_STABILITY,9,LONG,2023-01-27 02:00:00,10,True
US500.spot.mg,balance_stability,BALANCE_STABILITY,9,SHORT,2023-01-27 02:00:00,10,True
US500.spot.mg,state_reinforcement,STATE_REINFORCEMENT,10,LONG,2023-02-01 00:00:00,16,False
US500.spot.mg,balance_stability,BALANCE_STABILITY,11,LONG,2023-02-02 22:00:00,10,True
US500.spot.mg,balance_stability,BALANCE_STABILITY,11,SHORT,2023-02-02 22:00:00,10,True
US500.spot.mg,state_reinforcement,STATE_REINFORCEMENT,12,SHORT,2023-02-06 06:00:00,16,False
US500.spot.mg,transition_resolution,TRANSITION_RESOLUTION,13,SHORT,2023-02-10 08:00:00,16,False
US500.spot.mg,state_reinforcement,STATE_REINFORCEMENT,14,LONG,2023-02-14 00:00:00,16,False
US500.spot.mg,state_reinforcement,STATE_REINFORCEMENT,15,SHORT,2023-02-14 02:00:00,16,False
US500.spot.mg,state_reinforcement,STATE_REINFORCEMENT,16,LONG,2023-02-14 06:00:00,16,False
US500.spot.mg,balance_stability,BALANCE_STABILITY,17,LONG,2023-02-15 00:00:00,10,True
US500.spot.mg,balance_stability,BALANCE_STABILITY,17,SHORT,2023-02-15 00:00:00,10,True
US500.spot.mg,state_reinforcement,STATE_REINFORCEMENT,18,LONG,2023-02-16 00:00:00,16,False
US500.spot.mg,state_reinforcement,STATE_REINFORCEMENT,20,SHORT,2023-02-16 06:00:00,16,False
US500.spot.mg,balance_stability,BALANCE_STABILITY,21,LONG,2023-02-19 22:00:00,10,True
US500.spot.mg,balance_stability,BALANCE_STABILITY,21,SHORT,2023-02-19 22:00:00,10,True
US500.spot.mg,transition_resolution,TRANSITION_RESOLUTION,22,SHORT,2023-02-21 10:00:00,16,False
US500.spot.mg,transition_resolution,TRANSITION_RESOLUTION,23,LONG,2023-02-23 10:00:00,16,False
US500.spot.mg,transition_resolution,TRANSITION_RESOLUTION,24,SHORT,2023-02-23 12:00:00,16,False
US500.spot.mg,balance_stability,BALANCE_STABILITY,25,LONG,2023-02-23 20:00:00,10,True
US500.spot.mg,balance_stability,BALANCE_STABILITY,25,SHORT,2023-02-23 20:00:00,10,True
US500.spot.mg,transition_resolution,TRANSITION_RESOLUTION,26,LONG,2023-02-27 10:00:00,16,False
US500.spot.mg,balance_stability,BALANCE_STABILITY,27,LONG,2023-02-27 20:00:00,10,True
US500.spot.mg,balance_stability,BALANCE_STABILITY,27,SHORT,2023-02-27 20:00:00,10,True
US500.spot.mg,transition_resolution,TRANSITION_RESOLUTION,28,LONG,2023-03-09 10:00:00,16,False
US500.spot.mg,balance_stability,BALANCE_STABILITY,29,LONG,2023-03-13 00:00:00,10,True
US500.spot.mg,balance_stability,BALANCE_STABILITY,29,SHORT,2023-03-13 00:00:00,10,True
US500.spot.mg,transition_resolution,TRANSITION_RESOLUTION,30,SHORT,2023-03-13 08:00:00,16,False
US500.spot.mg,balance_stability,BALANCE_STABILITY,31,LONG,2023-03-13 22:00:00,10,True
US500.spot.mg,balance_stability,BALANCE_STABILITY,31,SHORT,2023-03-13 22:00:00,10,True
US500.spot.mg,state_reinforcement,STATE_REINFORCEMENT,32,LONG,2023-03-22 00:00:00,16,False
US500.spot.mg,transition_resolution,TRANSITION_RESOLUTION,33,SHORT,2023-03-28 10:00:00,16,False
US500.spot.mg,state_reinforcement,STATE_REINFORCEMENT,34,LONG,2023-03-29 02:00:00,16,False
US500.spot.mg,state_reinforcement,STATE_REINFORCEMENT,35,SHORT,2023-04-05 00:00:00,16,False
US500.spot.mg,transition_resolution,TRANSITION_RESOLUTION,36,LONG,2023-04-06 12:00:00,16,False
US500.spot.mg,balance_stability,BALANCE_STABILITY,37,LONG,2023-04-11 18:00:00,10,True
US500.spot.mg,balance_stability,BALANCE_STABILITY,37,SHORT,2023-04-11 18:00:00,10,True
US500.spot.mg,transition_resolution,TRANSITION_RESOLUTION,38,LONG,2023-04-13 12:00:00,16,False
US500.spot.mg,state_reinforcement,STATE_REINFORCEMENT,39,LONG,2023-04-28 00:00:00,16,False
US500.spot.mg,state_reinforcement,STATE_REINFORCEMENT,40,SHORT,2023-04-28 02:00:00,16,False
US500.spot.mg,transition_resolution,TRANSITION_RESOLUTION,41,LONG,2023-04-28 10:00:00,16,False
US500.spot.mg,state_reinforcement,STATE_REINFORCEMENT,42,LONG,2023-05-01 00:00:00,16,False
US500.spot.mg,state_reinforcement,STATE_REINFORCEMENT,44,LONG,2023-05-01 06:00:00,16,False
US500.spot.mg,state_reinforcement,STATE_REINFORCEMENT,45,SHORT,2023-05-04 00:00:00,16,False
US500.spot.mg,state_reinforcement,STATE_REINFORCEMENT,46,LONG,2023-05-04 02:00:00,16,False
US500.spot.mg,balance_stability,BALANCE_STABILITY,48,LONG,2023-05-04 20:00:00,10,True
US500.spot.mg,balance_stability,BALANCE_STABILITY,48,SHORT,2023-05-04 20:00:00,10,True
US500.spot.mg,transition_resolution,TRANSITION_RESOLUTION,49,LONG,2023-05-05 08:00:00,16,False
US500.spot.mg,state_reinforcement,STATE_REINFORCEMENT,50,LONG,2023-05-08 00:00:00,16,False
US500.spot.mg,transition_resolution,TRANSITION_RESOLUTION,51,LONG,2023-05-10 08:00:00,16,False
US500.spot.mg,transition_resolution,TRANSITION_RESOLUTION,52,SHORT,2023-05-12 12:00:00,16,False
US500.spot.mg,balance_stability,BALANCE_STABILITY,53,LONG,2023-05-25 00:00:00,10,True
US500.spot.mg,balance_stability,BALANCE_STABILITY,53,SHORT,2023-05-25 00:00:00,10,True
US500.spot.mg,transition_resolution,TRANSITION_RESOLUTION,54,LONG,2023-05-26 08:00:00,16,False
US500.spot.mg,state_reinforcement,STATE_REINFORCEMENT,55,LONG,2023-05-29 00:00:00,16,False
US500.spot.mg,state_reinforcement,STATE_REINFORCEMENT,56,SHORT,2023-05-29 06:00:00,16,False
US500.spot.mg,transition_resolution,TRANSITION_RESOLUTION,57,SHORT,2023-05-30 12:00:00,16,False
US500.spot.mg,state_reinforcement,STATE_REINFORCEMENT,58,LONG,2023-06-02 00:00:00,16,False
US500.spot.mg,state_reinforcement,STATE_REINFORCEMENT,59,SHORT,2023-06-05 00:00:00,16,False
US500.spot.mg,state_reinforcement,STATE_REINFORCEMENT,60,LONG,2023-06-05 02:00:00,16,False
US500.spot.mg,balance_stability,BALANCE_STABILITY,61,LONG,2023-06-07 00:00:00,10,True
US500.spot.mg,balance_stability,BALANCE_STABILITY,61,SHORT,2023-06-07 00:00:00,10,True
US500.spot.mg,transition_resolution,TRANSITION_RESOLUTION,62,LONG,2023-06-07 08:00:00,16,False
US500.spot.mg,state_reinforcement,STATE_REINFORCEMENT,63,LONG,2023-06-13 00:00:00,16,False
US500.spot.mg,state_reinforcement,STATE_REINFORCEMENT,64,SHORT,2023-06-16 02:00:00,16,False
US500.spot.mg,state_reinforcement,STATE_REINFORCEMENT,65,LONG,2023-06-16 04:00:00,16,False
US500.spot.mg,balance_stability,BALANCE_STABILITY,66,LONG,2023-06-22 22:00:00,10,True
US500.spot.mg,balance_stability,BALANCE_STABILITY,66,SHORT,2023-06-22 22:00:00,10,True
US500.spot.mg,state_reinforcement,STATE_REINFORCEMENT,67,SHORT,2023-06-28 02:00:00,16,False
US500.spot.mg,state_reinforcement,STATE_REINFORCEMENT,68,LONG,2023-07-03 02:00:00,16,False
US500.spot.mg,state_reinforcement,STATE_REINFORCEMENT,69,SHORT,2023-07-03 06:00:00,16,False
US500.spot.mg,balance_stability,BALANCE_STABILITY,70,LONG,2023-07-05 18:00:00,10,True
US500.spot.mg,balance_stability,BALANCE_STABILITY,70,SHORT,2023-07-05 18:00:00,10,True
US500.spot.mg,transition_resolution,TRANSITION_RESOLUTION,71,LONG,2023-07-07 12:00:00,16,False
US500.spot.mg,state_reinforcement,STATE_REINFORCEMENT,72,LONG,2023-07-11 04:00:00,16,False
US500.spot.mg,transition_resolution,TRANSITION_RESOLUTION,73,LONG,2023-07-14 08:00:00,16,False
US500.spot.mg,balance_stability,BALANCE_STABILITY,74,LONG,2023-07-19 22:00:00,10,True
US500.spot.mg,balance_stability,BALANCE_STABILITY,74,SHORT,2023-07-19 22:00:00,10,True
US500.spot.mg,transition_resolution,TRANSITION_RESOLUTION,75,LONG,2023-08-10 08:00:00,16,False
US500.spot.mg,balance_stability,BALANCE_STABILITY,76,LONG,2023-08-13 18:00:00,10,True
US500.spot.mg,balance_stability,BALANCE_STABILITY,76,SHORT,2023-08-13 18:00:00,10,True
US500.spot.mg,state_reinforcement,STATE_REINFORCEMENT,77,SHORT,2023-08-17 00:00:00,16,False
US500.spot.mg,state_reinforcement,STATE_REINFORCEMENT,78,LONG,2023-08-17 02:00:00,16,False
US500.spot.mg,state_reinforcement,STATE_REINFORCEMENT,79,SHORT,2023-08-18 00:00:00,16,False
US500.spot.mg,balance_stability,BALANCE_STABILITY,80,LONG,2023-08-20 22:00:00,10,True
US500.spot.mg,balance_stability,BALANCE_STABILITY,80,SHORT,2023-08-20 22:00:00,10,True
US500.spot.mg,state_reinforcement,STATE_REINFORCEMENT,81,SHORT,2023-08-25 00:00:00,16,False
US500.spot.mg,state_reinforcement,STATE_REINFORCEMENT,82,LONG,2023-08-25 02:00:00,16,False
US500.spot.mg,state_reinforcement,STATE_REINFORCEMENT,83,SHORT,2023-08-30 04:00:00,16,False
US500.spot.mg,balance_stability,BALANCE_STABILITY,84,LONG,2023-09-01 00:00:00,10,True
US500.spot.mg,balance_stability,BALANCE_STABILITY,84,SHORT,2023-09-01 00:00:00,10,True
US500.spot.mg,transition_resolution,TRANSITION_RESOLUTION,85,SHORT,2023-09-01 10:00:00,16,False
US500.spot.mg,balance_stability,BALANCE_STABILITY,86,LONG,2023-09-03 18:00:00,10,True
US500.spot.mg,balance_stability,BALANCE_STABILITY,86,SHORT,2023-09-03 18:00:00,10,True
US500.spot.mg,transition_resolution,TRANSITION_RESOLUTION,87,SHORT,2023-09-07 08:00:00,16,False
US500.spot.mg,transition_resolution,TRANSITION_RESOLUTION,88,LONG,2023-09-11 08:00:00,16,False
US500.spot.mg,state_reinforcement,STATE_REINFORCEMENT,89,SHORT,2023-09-18 00:00:00,16,False
US500.spot.mg,state_reinforcement,STATE_REINFORCEMENT,90,LONG,2023-09-18 02:00:00,16,False
US500.spot.mg,balance_stability,BALANCE_STABILITY,91,LONG,2023-09-19 20:00:00,10,True
US500.spot.mg,balance_stability,BALANCE_STABILITY,91,SHORT,2023-09-19 20:00:00,10,True
US500.spot.mg,state_reinforcement,STATE_REINFORCEMENT,92,SHORT,2023-09-21 00:00:00,16,False
US500.spot.mg,state_reinforcement,STATE_REINFORCEMENT,93,LONG,2023-09-22 04:00:00,16,False
US500.spot.mg,balance_stability,BALANCE_STABILITY,94,LONG,2023-09-25 20:00:00,10,True
US500.spot.mg,balance_stability,BALANCE_STABILITY,94,SHORT,2023-09-25 20:00:00,10,True
US500.spot.mg,transition_resolution,TRANSITION_RESOLUTION,95,SHORT,2023-09-27 12:00:00,16,False
US500.spot.mg,balance_stability,BALANCE_STABILITY,96,LONG,2023-09-29 00:00:00,10,True
US500.spot.mg,balance_stability,BALANCE_STABILITY,96,SHORT,2023-09-29 00:00:00,10,True
US500.spot.mg,transition_resolution,TRANSITION_RESOLUTION,97,LONG,2023-09-29 08:00:00,16,False
US500.spot.mg,transition_resolution,TRANSITION_RESOLUTION,98,SHORT,2023-10-03 10:00:00,16,False
US500.spot.mg,transition_resolution,TRANSITION_RESOLUTION,99,LONG,2023-10-06 12:00:00,16,False
US500.spot.mg,balance_stability,BALANCE_STABILITY,100,LONG,2023-10-08 22:00:00,10,True
US500.spot.mg,balance_stability,BALANCE_STABILITY,100,SHORT,2023-10-08 22:00:00,10,True
US500.spot.mg,transition_resolution,TRANSITION_RESOLUTION,101,SHORT,2023-10-18 12:00:00,16,False
US500.spot.mg,state_reinforcement,STATE_REINFORCEMENT,102,SHORT,2023-10-19 00:00:00,16,False
US500.spot.mg,balance_stability,BALANCE_STABILITY,103,LONG,2023-10-23 20:00:00,10,True
US500.spot.mg,balance_stability,BALANCE_STABILITY,103,SHORT,2023-10-23 20:00:00,10,True
US500.spot.mg,transition_resolution,TRANSITION_RESOLUTION,104,SHORT,2023-10-25 10:00:00,16,False
US500.spot.mg,state_reinforcement,STATE_REINFORCEMENT,105,SHORT,2023-10-26 00:00:00,16,False
US500.spot.mg,balance_stability,BALANCE_STABILITY,106,LONG,2023-10-27 04:00:00,10,True
US500.spot.mg,balance_stability,BALANCE_STABILITY,106,SHORT,2023-10-27 04:00:00,10,True
US500.spot.mg,transition_resolution,TRANSITION_RESOLUTION,107,LONG,2023-11-07 12:00:00,16,False
US500.spot.mg,balance_stability,BALANCE_STABILITY,108,LONG,2023-11-08 20:00:00,10,True
US500.spot.mg,balance_stability,BALANCE_STABILITY,108,SHORT,2023-11-08 20:00:00,10,True
US500.spot.mg,state_reinforcement,STATE_REINFORCEMENT,109,LONG,2023-11-13 00:00:00,16,False
US500.spot.mg,state_reinforcement,STATE_REINFORCEMENT,110,SHORT,2023-11-13 02:00:00,16,False
US500.spot.mg,state_reinforcement,STATE_REINFORCEMENT,111,LONG,2023-11-13 06:00:00,16,False
US500.spot.mg,balance_stability,BALANCE_STABILITY,112,LONG,2023-11-14 00:00:00,10,True
US500.spot.mg,balance_stability,BALANCE_STABILITY,112,SHORT,2023-11-14 00:00:00,10,True
US500.spot.mg,transition_resolution,TRANSITION_RESOLUTION,113,LONG,2023-11-14 10:00:00,16,False
US500.spot.mg,state_reinforcement,STATE_REINFORCEMENT,114,LONG,2023-11-21 00:00:00,16,False
US500.spot.mg,state_reinforcement,STATE_REINFORCEMENT,115,SHORT,2023-11-21 04:00:00,16,False
US500.spot.mg,balance_stability,BALANCE_STABILITY,116,LONG,2023-11-27 00:00:00,10,True
US500.spot.mg,balance_stability,BALANCE_STABILITY,116,SHORT,2023-11-27 00:00:00,10,True
US500.spot.mg,transition_resolution,TRANSITION_RESOLUTION,117,LONG,2023-11-28 12:00:00,16,False
US500.spot.mg,balance_stability,BALANCE_STABILITY,118,LONG,2023-11-29 00:00:00,10,True
US500.spot.mg,balance_stability,BALANCE_STABILITY,118,SHORT,2023-11-29 00:00:00,10,True
US500.spot.mg,transition_resolution,TRANSITION_RESOLUTION,119,LONG,2023-12-01 12:00:00,16,False
US500.spot.mg,state_reinforcement,STATE_REINFORCEMENT,120,LONG,2023-12-06 06:00:00,16,False
US500.spot.mg,state_reinforcement,STATE_REINFORCEMENT,121,SHORT,2023-12-08 02:00:00,16,False
US500.spot.mg,state_reinforcement,STATE_REINFORCEMENT,122,LONG,2023-12-08 06:00:00,16,False
US500.spot.mg,transition_resolution,TRANSITION_RESOLUTION,123,LONG,2023-12-18 12:00:00,16,False
US500.spot.mg,state_reinforcement,STATE_REINFORCEMENT,124,SHORT,2023-12-21 00:00:00,16,False
US500.spot.mg,state_reinforcement,STATE_REINFORCEMENT,125,LONG,2023-12-21 04:00:00,16,False
US500.spot.mg,balance_stability,BALANCE_STABILITY,126,LONG,2023-12-25 20:00:00,10,True
US500.spot.mg,balance_stability,BALANCE_STABILITY,126,SHORT,2023-12-25 20:00:00,10,True
US500.spot.mg,state_reinforcement,STATE_REINFORCEMENT,127,LONG,2023-12-28 00:00:00,16,False
US500.spot.mg,balance_stability,BALANCE_STABILITY,128,LONG,2024-01-02 02:00:00,10,True
US500.spot.mg,balance_stability,BALANCE_STABILITY,128,SHORT,2024-01-02 02:00:00,10,True
US500.spot.mg,transition_resolution,TRANSITION_RESOLUTION,129,SHORT,2024-01-02 08:00:00,16,False
US500.spot.mg,state_reinforcement,STATE_REINFORCEMENT,130,SHORT,2024-01-03 00:00:00,16,False
US500.spot.mg,state_reinforcement,STATE_REINFORCEMENT,131,LONG,2024-01-03 02:00:00,16,False
US500.spot.mg,state_reinforcement,STATE_REINFORCEMENT,132,SHORT,2024-01-03 04:00:00,16,False
US500.spot.mg,state_reinforcement,STATE_REINFORCEMENT,133,LONG,2024-01-09 00:00:00,16,False
US500.spot.mg,state_reinforcement,STATE_REINFORCEMENT,134,SHORT,2024-01-09 04:00:00,16,False
US500.spot.mg,transition_resolution,TRANSITION_RESOLUTION,135,SHORT,2024-01-11 12:00:00,16,False
US500.spot.mg,balance_stability,BALANCE_STABILITY,136,LONG,2024-01-23 02:00:00,10,True
US500.spot.mg,balance_stability,BALANCE_STABILITY,136,SHORT,2024-01-23 02:00:00,10,True
US500.spot.mg,state_reinforcement,STATE_REINFORCEMENT,137,LONG,2024-01-30 00:00:00,16,False
US500.spot.mg,state_reinforcement,STATE_REINFORCEMENT,138,SHORT,2024-01-30 04:00:00,16,False
US500.spot.mg,transition_resolution,TRANSITION_RESOLUTION,140,SHORT,2024-01-31 10:00:00,16,False
US500.spot.mg,balance_stability,BALANCE_STABILITY,141,LONG,2024-02-07 02:00:00,10,True
US500.spot.mg,balance_stability,BALANCE_STABILITY,141,SHORT,2024-02-07 02:00:00,10,True
US500.spot.mg,transition_resolution,TRANSITION_RESOLUTION,142,LONG,2024-02-07 10:00:00,16,False
US500.spot.mg,balance_stability,BALANCE_STABILITY,143,LONG,2024-02-13 00:00:00,10,True
US500.spot.mg,balance_stability,BALANCE_STABILITY,143,SHORT,2024-02-13 00:00:00,10,True
US500.spot.mg,transition_resolution,TRANSITION_RESOLUTION,144,SHORT,2024-02-13 10:00:00,16,False
US500.spot.mg,state_reinforcement,STATE_REINFORCEMENT,145,LONG,2024-02-15 00:00:00,16,False
US500.spot.mg,transition_resolution,TRANSITION_RESOLUTION,146,LONG,2024-02-22 10:00:00,16,False
US500.spot.mg,state_reinforcement,STATE_REINFORCEMENT,147,LONG,2024-02-23 02:00:00,16,False
US500.spot.mg,state_reinforcement,STATE_REINFORCEMENT,149,LONG,2024-02-23 06:00:00,16,False
US500.spot.mg,balance_stability,BALANCE_STABILITY,150,LONG,2024-02-26 02:00:00,10,True
US500.spot.mg,balance_stability,BALANCE_STABILITY,150,SHORT,2024-02-26 02:00:00,10,True
US500.spot.mg,transition_resolution,TRANSITION_RESOLUTION,151,LONG,2024-02-29 10:00:00,16,False
US500.spot.mg,state_reinforcement,STATE_REINFORCEMENT,152,SHORT,2024-03-05 00:00:00,16,False
US500.spot.mg,state_reinforcement,STATE_REINFORCEMENT,154,LONG,2024-03-06 02:00:00,16,False
US500.spot.mg,balance_stability,BALANCE_STABILITY,155,LONG,2024-03-07 02:00:00,10,True
US500.spot.mg,balance_stability,BALANCE_STABILITY,155,SHORT,2024-03-07 02:00:00,10,True
US500.spot.mg,transition_resolution,TRANSITION_RESOLUTION,156,LONG,2024-03-07 10:00:00,16,False
US500.spot.mg,state_reinforcement,STATE_REINFORCEMENT,157,LONG,2024-03-13 04:00:00,16,False
US500.spot.mg,state_reinforcement,STATE_REINFORCEMENT,158,SHORT,2024-03-20 04:00:00,16,False
US500.spot.mg,state_reinforcement,STATE_REINFORCEMENT,159,LONG,2024-03-21 02:00:00,16,False
US500.spot.mg,balance_stability,BALANCE_STABILITY,160,LONG,2024-03-22 02:00:00,10,True
US500.spot.mg,balance_stability,BALANCE_STABILITY,160,SHORT,2024-03-22 02:00:00,10,True
US500.spot.mg,transition_resolution,TRANSITION_RESOLUTION,161,SHORT,2024-04-01 10:00:00,16,False
US500.spot.mg,balance_stability,BALANCE_STABILITY,162,LONG,2024-04-10 00:00:00,10,True
US500.spot.mg,balance_stability,BALANCE_STABILITY,162,SHORT,2024-04-10 00:00:00,10,True
US500.spot.mg,state_reinforcement,STATE_REINFORCEMENT,163,SHORT,2024-04-12 06:00:00,16,False
US500.spot.mg,transition_resolution,TRANSITION_RESOLUTION,164,SHORT,2024-04-15 12:00:00,16,False
US500.spot.mg,state_reinforcement,STATE_REINFORCEMENT,165,LONG,2024-04-24 00:00:00,16,False
US500.spot.mg,state_reinforcement,STATE_REINFORCEMENT,166,SHORT,2024-04-24 04:00:00,16,False
US500.spot.mg,state_reinforcement,STATE_REINFORCEMENT,167,LONG,2024-04-24 06:00:00,16,False
US500.spot.mg,state_reinforcement,STATE_REINFORCEMENT,168,SHORT,2024-04-25 00:00:00,16,False
US500.spot.mg,state_reinforcement,STATE_REINFORCEMENT,169,LONG,2024-05-02 06:00:00,16,False
US500.spot.mg,balance_stability,BALANCE_STABILITY,171,LONG,2024-05-07 20:00:00,10,True
US500.spot.mg,balance_stability,BALANCE_STABILITY,171,SHORT,2024-05-07 20:00:00,10,True
US500.spot.mg,state_reinforcement,STATE_REINFORCEMENT,172,LONG,2024-05-10 00:00:00,16,False
US500.spot.mg,balance_stability,BALANCE_STABILITY,173,LONG,2024-05-12 18:00:00,10,True
US500.spot.mg,balance_stability,BALANCE_STABILITY,173,SHORT,2024-05-12 18:00:00,10,True
US500.spot.mg,transition_resolution,TRANSITION_RESOLUTION,175,LONG,2024-05-15 08:00:00,16,False
US500.spot.mg,balance_stability,BALANCE_STABILITY,177,LONG,2024-05-20 22:00:00,10,True
US500.spot.mg,balance_stability,BALANCE_STABILITY,177,SHORT,2024-05-20 22:00:00,10,True
US500.spot.mg,transition_resolution,TRANSITION_RESOLUTION,178,SHORT,2024-05-23 12:00:00,16,False
US500.spot.mg,state_reinforcement,STATE_REINFORCEMENT,179,SHORT,2024-05-24 00:00:00,16,False
US500.spot.mg,state_reinforcement,STATE_REINFORCEMENT,180,LONG,2024-05-24 02:00:00,16,False
US500.spot.mg,state_reinforcement,STATE_REINFORCEMENT,181,SHORT,2024-05-29 06:00:00,16,False
US500.spot.mg,state_reinforcement,STATE_REINFORCEMENT,182,LONG,2024-06-06 00:00:00,16,False
US500.spot.mg,state_reinforcement,STATE_REINFORCEMENT,184,LONG,2024-06-28 00:00:00,16,False
US500.spot.mg,transition_resolution,TRANSITION_RESOLUTION,185,LONG,2024-07-02 12:00:00,16,False
US500.spot.mg,state_reinforcement,STATE_REINFORCEMENT,186,SHORT,2024-07-08 00:00:00,16,False
US500.spot.mg,state_reinforcement,STATE_REINFORCEMENT,187,LONG,2024-07-08 04:00:00,16,False
US500.spot.mg,transition_resolution,TRANSITION_RESOLUTION,188,SHORT,2024-07-18 10:00:00,16,False
US500.spot.mg,transition_resolution,TRANSITION_RESOLUTION,189,LONG,2024-08-08 12:00:00,16,False
US500.spot.mg,state_reinforcement,STATE_REINFORCEMENT,190,LONG,2024-08-09 00:00:00,16,False
US500.spot.mg,state_reinforcement,STATE_REINFORCEMENT,191,SHORT,2024-08-09 06:00:00,16,False
US500.spot.mg,balance_stability,BALANCE_STABILITY,192,LONG,2024-08-11 18:00:00,10,True
US500.spot.mg,balance_stability,BALANCE_STABILITY,192,SHORT,2024-08-11 18:00:00,10,True
US500.spot.mg,state_reinforcement,STATE_REINFORCEMENT,193,LONG,2024-08-14 00:00:00,16,False
US500.spot.mg,state_reinforcement,STATE_REINFORCEMENT,195,LONG,2024-08-14 04:00:00,16,False
US500.spot.mg,balance_stability,BALANCE_STABILITY,196,LONG,2024-08-19 00:00:00,10,True
US500.spot.mg,balance_stability,BALANCE_STABILITY,196,SHORT,2024-08-19 00:00:00,10,True
US500.spot.mg,state_reinforcement,STATE_REINFORCEMENT,197,LONG,2024-08-20 00:00:00,16,False
US500.spot.mg,transition_resolution,TRANSITION_RESOLUTION,198,SHORT,2024-08-28 10:00:00,16,False
US500.spot.mg,balance_stability,BALANCE_STABILITY,199,LONG,2024-09-02 22:00:00,10,True
US500.spot.mg,balance_stability,BALANCE_STABILITY,199,SHORT,2024-09-02 22:00:00,10,True
US500.spot.mg,transition_resolution,TRANSITION_RESOLUTION,200,SHORT,2024-09-03 08:00:00,16,False
US500.spot.mg,balance_stability,BALANCE_STABILITY,201,LONG,2024-09-06 00:00:00,10,True
US500.spot.mg,balance_stability,BALANCE_STABILITY,201,SHORT,2024-09-06 00:00:00,10,True
US500.spot.mg,transition_resolution,TRANSITION_RESOLUTION,202,SHORT,2024-09-06 10:00:00,16,False
US500.spot.mg,state_reinforcement,STATE_REINFORCEMENT,203,LONG,2024-09-16 00:00:00,16,False
US500.spot.mg,state_reinforcement,STATE_REINFORCEMENT,204,SHORT,2024-09-20 00:00:00,16,False
US500.spot.mg,state_reinforcement,STATE_REINFORCEMENT,205,LONG,2024-10-02 06:00:00,16,False
US500.spot.mg,transition_resolution,TRANSITION_RESOLUTION,206,LONG,2024-10-04 08:00:00,16,False
US500.spot.mg,state_reinforcement,STATE_REINFORCEMENT,207,SHORT,2024-10-16 00:00:00,16,False
US500.spot.mg,state_reinforcement,STATE_REINFORCEMENT,208,LONG,2024-10-16 04:00:00,16,False
US500.spot.mg,balance_stability,BALANCE_STABILITY,209,LONG,2024-10-18 00:00:00,10,True
US500.spot.mg,balance_stability,BALANCE_STABILITY,209,SHORT,2024-10-18 00:00:00,10,True
US500.spot.mg,state_reinforcement,STATE_REINFORCEMENT,211,LONG,2024-10-24 00:00:00,16,False
US500.spot.mg,transition_resolution,TRANSITION_RESOLUTION,212,LONG,2024-10-25 08:00:00,16,False
US500.spot.mg,balance_stability,BALANCE_STABILITY,213,LONG,2024-10-27 20:00:00,10,True
US500.spot.mg,balance_stability,BALANCE_STABILITY,213,SHORT,2024-10-27 20:00:00,10,True
US500.spot.mg,state_reinforcement,STATE_REINFORCEMENT,214,SHORT,2024-10-31 00:00:00,16,False
US500.spot.mg,state_reinforcement,STATE_REINFORCEMENT,215,LONG,2024-11-01 04:00:00,16,False
US500.spot.mg,transition_resolution,TRANSITION_RESOLUTION,216,LONG,2024-11-05 10:00:00,16,False
US500.spot.mg,state_reinforcement,STATE_REINFORCEMENT,217,LONG,2024-11-06 00:00:00,16,False
US500.spot.mg,transition_resolution,TRANSITION_RESOLUTION,218,LONG,2024-11-11 08:00:00,16,False
US500.spot.mg,balance_stability,BALANCE_STABILITY,219,LONG,2024-11-12 00:00:00,10,True
US500.spot.mg,balance_stability,BALANCE_STABILITY,219,SHORT,2024-11-12 00:00:00,10,True
US500.spot.mg,transition_resolution,TRANSITION_RESOLUTION,220,SHORT,2024-11-12 12:00:00,16,False
US500.spot.mg,balance_stability,BALANCE_STABILITY,221,LONG,2024-11-13 22:00:00,10,True
US500.spot.mg,balance_stability,BALANCE_STABILITY,221,SHORT,2024-11-13 22:00:00,10,True
US500.spot.mg,state_reinforcement,STATE_REINFORCEMENT,222,SHORT,2024-11-15 00:00:00,16,False
US500.spot.mg,state_reinforcement,STATE_REINFORCEMENT,223,LONG,2024-11-18 00:00:00,16,False
US500.spot.mg,balance_stability,BALANCE_STABILITY,224,LONG,2024-11-20 00:00:00,10,True
US500.spot.mg,balance_stability,BALANCE_STABILITY,224,SHORT,2024-11-20 00:00:00,10,True
US500.spot.mg,transition_resolution,TRANSITION_RESOLUTION,226,LONG,2024-11-22 10:00:00,16,False
US500.spot.mg,state_reinforcement,STATE_REINFORCEMENT,227,LONG,2024-11-25 04:00:00,16,False
US500.spot.mg,transition_resolution,TRANSITION_RESOLUTION,228,LONG,2024-12-06 10:00:00,16,False
US500.spot.mg,balance_stability,BALANCE_STABILITY,229,LONG,2024-12-09 00:00:00,10,True
US500.spot.mg,balance_stability,BALANCE_STABILITY,229,SHORT,2024-12-09 00:00:00,10,True
US500.spot.mg,transition_resolution,TRANSITION_RESOLUTION,230,SHORT,2024-12-09 12:00:00,16,False
US500.spot.mg,balance_stability,BALANCE_STABILITY,231,LONG,2024-12-11 04:00:00,10,True
US500.spot.mg,balance_stability,BALANCE_STABILITY,231,SHORT,2024-12-11 04:00:00,10,True
US500.spot.mg,transition_resolution,TRANSITION_RESOLUTION,232,LONG,2024-12-11 10:00:00,16,False
US500.spot.mg,transition_resolution,TRANSITION_RESOLUTION,233,SHORT,2024-12-17 10:00:00,16,False
US500.spot.mg,balance_stability,BALANCE_STABILITY,234,LONG,2024-12-18 02:00:00,10,True
US500.spot.mg,balance_stability,BALANCE_STABILITY,234,SHORT,2024-12-18 02:00:00,10,True
US500.spot.mg,state_reinforcement,STATE_REINFORCEMENT,235,SHORT,2024-12-19 00:00:00,16,False
US500.spot.mg,state_reinforcement,STATE_REINFORCEMENT,236,LONG,2024-12-19 04:00:00,16,False
US500.spot.mg,transition_resolution,TRANSITION_RESOLUTION,237,LONG,2024-12-20 12:00:00,16,False
US500.spot.mg,balance_stability,BALANCE_STABILITY,238,LONG,2024-12-24 00:00:00,10,True
US500.spot.mg,balance_stability,BALANCE_STABILITY,238,SHORT,2024-12-24 00:00:00,10,True
US500.spot.mg,transition_resolution,TRANSITION_RESOLUTION,239,LONG,2024-12-24 10:00:00,16,False
US500.spot.mg,state_reinforcement,STATE_REINFORCEMENT,240,LONG,2024-12-26 00:00:00,16,False
US500.spot.mg,balance_stability,BALANCE_STABILITY,241,LONG,2024-12-26 20:00:00,10,True
US500.spot.mg,balance_stability,BALANCE_STABILITY,241,SHORT,2024-12-26 20:00:00,10,True
US500.spot.mg,transition_resolution,TRANSITION_RESOLUTION,242,SHORT,2024-12-30 08:00:00,16,False
